,wikidata,name,alias,bnp_id,naturalidade,placeID,longitude,latitude,birth_date,fauc_id
40,http://www.wikidata.org/entity/Q9559855,Aarão Ferreira de Lacerda,,103998,Vila Nova de Paiva,http://www.wikidata.org/entity/Q1003146,-7.7333333333333,40.85,1863-10-03,
473,http://www.wikidata.org/entity/Q106271718,Abel Maria Jordão de Paiva Manso,,,Coimbra,http://www.wikidata.org/entity/Q45412,-8.4288888888889,40.211111111111,1801-03-03,
813,http://www.wikidata.org/entity/Q23820937,Abílio Augusto da Fonseca Pinto,,314551,Coimbra,http://www.wikidata.org/entity/Q45412,-8.4288888888889,40.211111111111,1830-05-27,245300
9,http://www.wikidata.org/entity/Q9561614,Abílio Beça,,,,,,,1856-08-20,
820,http://www.wikidata.org/entity/Q19607365,Adolfo Ferreira Loureiro,Adolfo Ferreira de Loureiro,83492,São Bartolomeu,http://www.wikidata.org/entity/Q1026333,-8.43054,40.20848,1836-12-12,
405,http://www.wikidata.org/entity/Q16144296,Adriano António Canavarro Crispiniano da Fonseca,,,Marco de Canaveses,http://www.wikidata.org/entity/Q188050,-8.15,41.183333333333,1884-11-08,
172,http://www.wikidata.org/entity/Q56072395,Adriano Inácio Botelho,,15765,Angra do Heroísmo,http://www.wikidata.org/entity/Q193677,-27.215277777778,38.655833333333,1892-09-12,186608
346,http://www.wikidata.org/entity/Q383401,Afonso Costa,Afonso Augusto Costa,34862,Seia,http://www.wikidata.org/entity/Q76017,-7.70245,40.42203,1871-03-06,198981
342,http://www.wikidata.org/entity/Q383401,Afonso Costa,Afonso Augusto da Costa,34862,Seia,http://www.wikidata.org/entity/Q76017,-7.70245,40.42203,1871-03-06,
252,http://www.wikidata.org/entity/Q4689383,Afonso Mendes,,,Santo Aleixo da Restauração,http://www.wikidata.org/entity/Q2223673,-7.15,38.066666666667,1579-06-28,
490,http://www.wikidata.org/entity/Q16142675,Afonso Pinto Veloso,Afonso de Melo Pinto Veloso,218585,Águeda,http://www.wikidata.org/entity/Q249906,-8.4416666666667,40.580519444444,1878-10-09,214665
414,http://www.wikidata.org/entity/Q16144891,Aires Jácome Correia,,82977,Lisboa,http://www.wikidata.org/entity/Q597,-9.139016,38.708042,1882-08-09,
760,http://www.wikidata.org/entity/Q2275881,Alberto Monsaraz,Alberto de Monsaraz,97665,Lisboa,http://www.wikidata.org/entity/Q597,-9.139016,38.708042,1889-02-28,250889
479,http://www.wikidata.org/entity/Q16487096,Alberto Pinheiro Torres,,104153,Braga,http://www.wikidata.org/entity/Q83247,-8.4166666666667,41.533333333333,1874-11-02,203860
472,http://www.wikidata.org/entity/Q16487343,Alberto Teles de Utra Machado,,109620,Angra do Heroísmo,http://www.wikidata.org/entity/Q193677,-27.215277777778,38.655833333333,1840-01-24,
284,http://www.wikidata.org/entity/Q47318259,Alberto da Veiga Simões,,105505,Arganil,http://www.wikidata.org/entity/Q426953,-8.05,40.216666666667,1888-12-16,231020
91,http://www.wikidata.org/entity/Q9594728,Albino dos Reis,Albino Soares Pinto dos Reis,,Oliveira de Azeméis,http://www.wikidata.org/entity/Q405252,-8.4833333333333,40.833333333333,1888-09-30,
426,http://www.wikidata.org/entity/Q16488032,"Alexandre Braga, pai",Alexandre José da Silva Braga,131608,Porto,http://www.wikidata.org/entity/Q36433,-8.6107777777778,41.149472222222,1829-03-14,187311
461,http://www.wikidata.org/entity/Q16488152,Alexandre Meireles do Canto e Castro,,101830,Angra do Heroísmo,http://www.wikidata.org/entity/Q193677,-27.215277777778,38.655833333333,1827-03-10,132510
822,http://www.wikidata.org/entity/Q188916,Alexandre Rodrigues Ferreira,,58614,Salvador,http://www.wikidata.org/entity/Q36947,-38.492777777778,-12.983055555556,1756-04-27,
56,http://www.wikidata.org/entity/Q96749053,Alexandre de Gamboa Loureiro,,,Lisboa,http://www.wikidata.org/entity/Q597,-9.139016,38.708042,1770-08-26,253931
20,http://www.wikidata.org/entity/Q921705,Alexandre de Serpa Pinto,Alexandre Alberto da Rocha de Serpa Pinto,32584,Cinfães,http://www.wikidata.org/entity/Q861464,-8.0833333333333,41.066666666667,1846-04-20,223565
5,http://www.wikidata.org/entity/Q921705,Alexandre de Serpa Pinto,Alexandre Serpa Pinto,32584,Cinfães,http://www.wikidata.org/entity/Q861464,-8.0833333333333,41.066666666667,1846-04-20,
449,http://www.wikidata.org/entity/Q1636522,Alfredo Augusto de Soveral Martins,Alfredo Cardoso de Soveral Martins,,Almacave,http://www.wikidata.org/entity/Q64348,-7.80823,41.10213,1869-06-07,
480,http://www.wikidata.org/entity/Q16488312,Alfredo Carneiro da Cunha,,55851,Fundão,http://www.wikidata.org/entity/Q1024927,-7.5,40.133333333333,1863-12-21,208773
297,http://www.wikidata.org/entity/Q4723837,Alfredo Pimenta,Alfredo Augusto Lopes Pimenta,88166,Guimarães,http://www.wikidata.org/entity/Q170903,-8.2908333333333,41.445,1882-12-03,296360
60,http://www.wikidata.org/entity/Q9603234,Alfredo da Silva Sampaio,,139806,Angra do Heroísmo,http://www.wikidata.org/entity/Q193677,-27.215277777778,38.655833333333,1872-09-19,
357,http://www.wikidata.org/entity/Q316806,Almeida Garrett,Almeida Garret,21170,Porto,http://www.wikidata.org/entity/Q36433,-8.6107777777778,41.149472222222,1799-02-04,144223
358,http://www.wikidata.org/entity/Q316806,Almeida Garrett,Almeida Garret,21170,Porto,http://www.wikidata.org/entity/Q36433,-8.6107777777778,41.149472222222,1799-02-04,
810,http://www.wikidata.org/entity/Q23777977,Almiro Maia de Loureiro,,117706,Lisboa,http://www.wikidata.org/entity/Q597,-9.139016,38.708042,1897-09-21,
821,http://www.wikidata.org/entity/Q20045590,Amadeu de Castro e Sola,Amadeu Teles da Silva de Afonseca Mesquita de Castro Pereira e Solla,43584,Braga,http://www.wikidata.org/entity/Q83247,-8.4166666666667,41.533333333333,1874-08-19,
398,http://www.wikidata.org/entity/Q321278,Anselmo José Braamcamp,Anselmo Braancamp,154958,Lisboa,http://www.wikidata.org/entity/Q597,-9.139016,38.708042,1817-10-23,
304,http://www.wikidata.org/entity/Q321278,Anselmo José Braamcamp,Anselmo braamcamp,154958,Lisboa,http://www.wikidata.org/entity/Q597,-9.139016,38.708042,1817-10-23,164265
279,http://www.wikidata.org/entity/Q467494,Antero de Quental,Antero Tarquínio de Quental,10763,Ponta Delgada,http://www.wikidata.org/entity/Q208149,-25.67,37.74,1842-04-18,132885
286,http://www.wikidata.org/entity/Q467494,Antero de Quental,Antero de Quintal,10763,Ponta Delgada,http://www.wikidata.org/entity/Q208149,-25.67,37.74,1842-04-18,
376,http://www.wikidata.org/entity/Q27786526,Antonio Cordeses,,,Olot,http://www.wikidata.org/entity/Q12618,2.4890165,42.1821928,1518-08-09,
788,http://www.wikidata.org/entity/Q21522539,Antonio da Costa Paiva,A.Paiva,40710,Porto,http://www.wikidata.org/entity/Q36433,-8.6107777777778,41.149472222222,1806-10-12,
835,http://www.wikidata.org/entity/Q21522539,Antonio da Costa Paiva,António da Costa Paiva,40710,Porto,http://www.wikidata.org/entity/Q36433,-8.6107777777778,41.149472222222,1806-10-12,221537
173,http://www.wikidata.org/entity/Q60467443,António Aires de Gouveia,,111295,Porto,http://www.wikidata.org/entity/Q36433,-8.6107777777778,41.149472222222,1828-09-13,282433
137,http://www.wikidata.org/entity/Q55688130,António Augusto da Costa Simões,,105257,Vacariça,http://www.wikidata.org/entity/Q2236805,-8.4111111111111,40.372222222222,1819-08-23,
784,http://www.wikidata.org/entity/Q18715803,António Augusto da Silva Martins,,,Abrantes,http://www.wikidata.org/entity/Q331191,-8.1978194444444,39.464444444444,1892-04-04,184909
769,http://www.wikidata.org/entity/Q23905297,António Augusto de Sousa,,,Alijó,http://www.wikidata.org/entity/Q712064,-7.474889,41.276444,1883-12-10,
97,http://www.wikidata.org/entity/Q9618672,António Baião,,5625,Ferreira do Zêzere,http://www.wikidata.org/entity/Q995202,-8.2833333333333,39.7,1878-10-10,149831
765,http://www.wikidata.org/entity/Q26973683,António Barroso Pereira Vitorino,,119578,Viseu,http://www.wikidata.org/entity/Q117676,-7.9138888888889,40.6575,1878-03-13,216075
482,http://www.wikidata.org/entity/Q130870,"António Bernardo da Costa Cabral, Marquês de Tomar",,86684,Fornos de Algodres,http://www.wikidata.org/entity/Q641715,-7.5333333333333,40.616666666667,1803-05-09,
49,http://www.wikidata.org/entity/Q9618745,António Borges Coutinho de Medeiros de Sousa Dias da Câmara,,,Reino de Portugal,http://www.wikidata.org/entity/Q45670,-9.18333333,38.7,1871-01-19,
781,http://www.wikidata.org/entity/Q24203205,António Caetano Celorico Gil,,,,,,,1880-08-07,
837,http://www.wikidata.org/entity/Q1960536,António Cândido Gonçalves Crespo,,54670,Rio de Janeiro,http://www.wikidata.org/entity/Q8678,-43.196388888889,-22.908333333333,1846-03-11,207268
838,http://www.wikidata.org/entity/Q1960536,António Cândido Gonçalves Crespo,,54670,Rio de Janeiro,http://www.wikidata.org/entity/Q8678,-43.196388888889,-22.908333333333,1846-03-11,
195,http://www.wikidata.org/entity/Q610800,António Dias de Oliveira,António dias de oliveira,156415,Valongo,http://www.wikidata.org/entity/Q604262,-8.5,41.183333333333,1804-07-20,174458
158,http://www.wikidata.org/entity/Q610816,António Dinis da Cruz e Silva,Antonio Diniz Cruz e Silva,89892,Lisboa,http://www.wikidata.org/entity/Q597,-9.139016,38.708042,1731-07-04,
755,http://www.wikidata.org/entity/Q18707730,António Dinis da Graça Vieira,,,,,,,1824-07-26,
804,http://www.wikidata.org/entity/Q273219,António Egas Moniz,Antonio Caetano de Abreu Freire Egas Moniz,83928,Avanca,http://www.wikidata.org/entity/Q790121,-8.57226,40.80659,1874-11-29,165113
360,http://www.wikidata.org/entity/Q273219,António Egas Moniz,António Caetano de Abreu Freire Egas Moniz,83928,Avanca,http://www.wikidata.org/entity/Q790121,-8.57226,40.80659,1874-11-29,
170,http://www.wikidata.org/entity/Q610837,António Feijó,António Joaquim de Castro Feijó,27364,Ponte de Lima,http://www.wikidata.org/entity/Q490180,-8.5833333333333,41.766666666667,1859-06-01,247101
194,http://www.wikidata.org/entity/Q610837,António Feijó,António de Castro Feijó,27364,Ponte de Lima,http://www.wikidata.org/entity/Q490180,-8.5833333333333,41.766666666667,1859-06-01,
758,http://www.wikidata.org/entity/Q2624029,António Feliciano de Castilho,Antonio feliciano de castilho,27666,Lisboa,http://www.wikidata.org/entity/Q597,-9.139016,38.708042,1800-01-28,190014
759,http://www.wikidata.org/entity/Q2624029,António Feliciano de Castilho,Antonio feliciano de castilho,27666,Lisboa,http://www.wikidata.org/entity/Q597,-9.139016,38.708042,1800-01-28,
464,http://www.wikidata.org/entity/Q16491543,António Felisberto da Silva e Cunha Leite Pereira,,,,,,,1811-07-21,
55,http://www.wikidata.org/entity/Q9619113,António Fogaça,,38998,Barcelos,http://www.wikidata.org/entity/Q213242,-8.6166666666667,41.533333333333,1863-05-11,
395,http://www.wikidata.org/entity/Q357489,António Ginestal Machado,Ginestal machado,1348319,Almeida,http://www.wikidata.org/entity/Q617889,-6.9055833333333,40.725916666667,1874-05-03,
129,http://www.wikidata.org/entity/Q611037,António José da Silva,António José da Silva - o Judeu,61435,Rio de Janeiro,http://www.wikidata.org/entity/Q8678,-43.196388888889,-22.908333333333,1705-05-08,225029
145,http://www.wikidata.org/entity/Q611037,António José da Silva,António José da Silva - o Judeu,61435,Rio de Janeiro,http://www.wikidata.org/entity/Q8678,-43.196388888889,-22.908333333333,1705-05-08,
227,http://www.wikidata.org/entity/Q551542,António José de Almeida,Antônio José de Almeida,60972,Penacova,http://www.wikidata.org/entity/Q1005038,-8.2666666666667,40.266666666667,1866-07-17,
148,http://www.wikidata.org/entity/Q611078,António José de Ávila,António José d'Ávila,53100,Horta,http://www.wikidata.org/entity/Q990385,-28.633333333333,38.533333333333,1806-03-08,
410,http://www.wikidata.org/entity/Q16059321,António José de Ávila Júnior,António José de Ávila,152856,Horta,http://www.wikidata.org/entity/Q990385,-28.633333333333,38.533333333333,1842-11-07,
488,http://www.wikidata.org/entity/Q16491923,António Luís Ferreira Carneiro de Vasconcelos Teixeira Girão,,33119,,,,,1823-07-13,
34,http://www.wikidata.org/entity/Q8677139,António Luís Gomes,,974076,Porto,http://www.wikidata.org/entity/Q36433,-8.6107777777778,41.149472222222,1863-09-23,
25,http://www.wikidata.org/entity/Q9619586,António Luís de Freitas,,,Carrazeda de Ansiães,http://www.wikidata.org/entity/Q551666,-7.3,41.25,1855-01-10,
425,http://www.wikidata.org/entity/Q16491932,António Luís de Seabra,,102824,Oceano Atlântico,http://www.wikidata.org/entity/Q97,-30.0,0.0,1798-12-02,
88,http://www.wikidata.org/entity/Q9619744,António Maria Vasco de Melo Silva César e Meneses,António Maria Vasco de Mello Silva César e Menezes,537789,Lisboa,http://www.wikidata.org/entity/Q597,-9.139016,38.708042,1851-11-13,
38,http://www.wikidata.org/entity/Q9619744,António Maria Vasco de Melo Silva César e Meneses,António Vasco de Melo,537789,Lisboa,http://www.wikidata.org/entity/Q597,-9.139016,38.708042,1851-11-13,235520
155,http://www.wikidata.org/entity/Q611175,António Maria da Silva,António maria da silva,123456,Lisboa,http://www.wikidata.org/entity/Q597,-9.139016,38.708042,1872-05-26,
431,http://www.wikidata.org/entity/Q16492076,António Menano,,163408,Fornos de Algodres,http://www.wikidata.org/entity/Q641715,-7.5333333333333,40.616666666667,1895-05-05,
103,http://www.wikidata.org/entity/Q611205,António Mendes Bello,António Mendes Belo,146792,Portugal,http://www.wikidata.org/entity/Q45,-9.1833333333333,38.7,1842-06-18,
465,http://www.wikidata.org/entity/Q16492080,António Mendo Caldeira de Castel-Branco Cota Falcão,,,Portalegre,http://www.wikidata.org/entity/Q622819,-7.4166666666667,39.316666666667,1848-10-09,
225,http://www.wikidata.org/entity/Q4777591,"António Osório Sarmento de Figueiredo, Jr.",,,Cumieira,http://www.wikidata.org/entity/Q799183,-7.7666666666667,41.25,1855-03-13,
136,http://www.wikidata.org/entity/Q611238,António Pereira Nobre,António Nobre,21173,Porto,http://www.wikidata.org/entity/Q36433,-8.6107777777778,41.149472222222,1867-08-16,170404
132,http://www.wikidata.org/entity/Q611238,António Pereira Nobre,Antônio Nobre,21173,Porto,http://www.wikidata.org/entity/Q36433,-8.6107777777778,41.149472222222,1867-08-16,
21,http://www.wikidata.org/entity/Q9620002,António Pinto de Magalhães Aguiar,,1195933,Constance,http://www.wikidata.org/entity/Q1024781,-8.16978,41.21303,1834-06-23,
444,http://www.wikidata.org/entity/Q16492263,António Pires da Silva de Azevedo Loureiro,,,,,,,1833-04-01,
481,http://www.wikidata.org/entity/Q16492304,António Ribeiro Saraiva,,71241,Sernancelhe,http://www.wikidata.org/entity/Q1003140,-7.4833333333333,40.9,1800-06-10,220851
754,http://www.wikidata.org/entity/Q23771067,António Roberto de Barros Leitão e Carvalhosa,,,,,,,1763-06-07,
485,http://www.wikidata.org/entity/Q108002246,António Rodrigues Manito,,,,,,,1819-02-19,
205,http://www.wikidata.org/entity/Q461148,António Sardinha,António Maria de Sousa Sardinha,61317,Monforte,http://www.wikidata.org/entity/Q769062,-7.4333333333333,39.05,1888-09-09,
196,http://www.wikidata.org/entity/Q63981883,António Teles Peixoto Guterres Palhinha,,,Horta,http://www.wikidata.org/entity/Q990385,-28.633333333333,38.533333333333,1813-10-11,
22,http://www.wikidata.org/entity/Q9620285,António Xavier de Sousa Monteiro,,104580,Lisboa,http://www.wikidata.org/entity/Q597,-9.139016,38.708042,1829-11-03,252018
15,http://www.wikidata.org/entity/Q9620291,António da Costa,António da Costa de Sousa Macedo,105800,Lisboa,http://www.wikidata.org/entity/Q597,-9.139016,38.708042,1824-11-24,181226
18,http://www.wikidata.org/entity/Q9620291,António da Costa,António da Costa de Sousa de Macedo,105800,Lisboa,http://www.wikidata.org/entity/Q597,-9.139016,38.708042,1824-11-24,
16,http://www.wikidata.org/entity/Q9620375,António da Trindade de Vasconcelos Pereira de Melo,,,Amarante,http://www.wikidata.org/entity/Q454875,-8.08333333,41.26666667,1812-08-28,
489,http://www.wikidata.org/entity/Q16491055,António de Abranches Ferrão,,114632,Seia,http://www.wikidata.org/entity/Q76017,-7.70245,40.42203,1883-08-25,248135
819,http://www.wikidata.org/entity/Q21290090,António de Azevedo Castelo Branco,,64533,Vilarinho de Samardã,http://www.wikidata.org/entity/Q592516,-7.7033333333333,41.381666666667,1842-12-23,189296
100,http://www.wikidata.org/entity/Q56179547,António de Carvalho e Vasconcelos,,,Cantanhede,http://www.wikidata.org/entity/Q1998335,-8.5941666666667,40.346388888889,1827-03-29,208983
77,http://www.wikidata.org/entity/Q9620470,António de Gouveia Osório,António de gouveia osório,,Penalva do Castelo,http://www.wikidata.org/entity/Q780374,-7.6833333333333,40.666666666667,1825-07-25,
498,http://www.wikidata.org/entity/Q16144048,António de Macedo Papança,Conde de Monsaraz,787511,Reguengos de Monsaraz,http://www.wikidata.org/entity/Q990439,-7.5333333333333,38.416666666667,1852-07-18,
791,http://www.wikidata.org/entity/Q21290091,António de Oliveira Monteiro,,,Alcafozes,http://www.wikidata.org/entity/Q2120032,-7.1191666666667,39.949722222222,1842-01-02,251928
441,http://www.wikidata.org/entity/Q151394,António de Oliveira Salazar,Antonio Oliveira Salazar,25711,Vimieiro,http://www.wikidata.org/entity/Q93722,-8.12111111,40.38833333,1889-04-28,212667
409,http://www.wikidata.org/entity/Q151394,António de Oliveira Salazar,Antonio Salazar,25711,Vimieiro,http://www.wikidata.org/entity/Q93722,-8.12111111,40.38833333,1889-04-28,
181,http://www.wikidata.org/entity/Q558201,António de Serpa Pimentel,António Serpa,86230,Coimbra,http://www.wikidata.org/entity/Q45412,-8.4288888888889,40.211111111111,1825-11-20,241774
188,http://www.wikidata.org/entity/Q558201,António de Serpa Pimentel,Serpa Pimentel,86230,Coimbra,http://www.wikidata.org/entity/Q45412,-8.4288888888889,40.211111111111,1825-11-20,
764,http://www.wikidata.org/entity/Q24302446,António de Sousa Horta Sarmento Osório,,,Lousã,http://www.wikidata.org/entity/Q1006413,-8.2468888888889,40.112527777778,1882-08-14,176692
13,http://www.wikidata.org/entity/Q8202081,António de Sousa de Macedo,Antonio de Souza de Macedo,71964,Porto,http://www.wikidata.org/entity/Q36433,-8.6107777777778,41.149472222222,1606-12-15,
104,http://www.wikidata.org/entity/Q611708,António dos Santos Rocha,,93825,Figueira da Foz,http://www.wikidata.org/entity/Q428459,-8.86179,40.15085,1853-04-30,173131
119,http://www.wikidata.org/entity/Q742361,Antônio Carlos Ribeiro de Andrada Machado e Silva,,103064,Santos,http://www.wikidata.org/entity/Q81882,-46.333888888889,-23.960833333333,1773-11-01,
474,http://www.wikidata.org/entity/Q16491822,Antônio José Machado,,,Fortaleza,http://www.wikidata.org/entity/Q43463,-38.5275,-3.7275,1809-10-14,
446,http://www.wikidata.org/entity/Q16491930,Antônio Luís Pereira da Cunha,,,Salvador,http://www.wikidata.org/entity/Q36947,-38.492777777778,-12.983055555556,1760-04-06,
795,http://www.wikidata.org/entity/Q1789311,Antônio Paulino Limpo de Abreu,,390023,Lisboa,http://www.wikidata.org/entity/Q597,-9.139016,38.708042,1798-09-22,
370,http://www.wikidata.org/entity/Q37922670,Antônio Rodrigues de Aguiar,,,Rio de Janeiro,http://www.wikidata.org/entity/Q8678,-43.196388888889,-22.908333333333,1768-03-21,
221,http://www.wikidata.org/entity/Q4673751,Aquiles Estaço,,58677,Vidigueira,http://www.wikidata.org/entity/Q551672,-7.8,38.2,1524-06-22,
773,http://www.wikidata.org/entity/Q23969981,Armando Marques Guedes,Armando Manuel Marques Guedes,787502,Porto,http://www.wikidata.org/entity/Q36433,-8.6107777777778,41.149472222222,1886-12-08,180482
389,http://www.wikidata.org/entity/Q320981,Artur Alberto de Campos Henriques,Artur Campos Henriques,891597,Porto,http://www.wikidata.org/entity/Q36433,-8.6107777777778,41.149472222222,1853-04-28,187608
380,http://www.wikidata.org/entity/Q320981,Artur Alberto de Campos Henriques,Artur de Campos Henriques,891597,Porto,http://www.wikidata.org/entity/Q36433,-8.6107777777778,41.149472222222,1853-04-28,
785,http://www.wikidata.org/entity/Q16501357,Artur de Almeida Ribeiro,Artur Rodrigues de Almeida Ribeiro,109074,,,,,1865-01-30,
406,http://www.wikidata.org/entity/Q16336816,Augusto Alexandre Barjona de Freitas,,,Coimbra,http://www.wikidata.org/entity/Q45412,-8.4288888888889,40.211111111111,1857-07-10,167003
348,http://www.wikidata.org/entity/Q3558535,Augusto Alves da Veiga,Alves da Veiga,268786,Izeda,http://www.wikidata.org/entity/Q1024849,-6.7166666666667,41.566666666667,1850-09-28,213294
381,http://www.wikidata.org/entity/Q3558535,Augusto Alves da Veiga,Augusto Manuel Alves da Veiga,268786,Izeda,http://www.wikidata.org/entity/Q1024849,-6.7166666666667,41.566666666667,1850-09-28,
471,http://www.wikidata.org/entity/Q16495179,Augusto Caupers Machado de Faria e Maia,,,Ponta Delgada,http://www.wikidata.org/entity/Q208149,-25.67,37.74,1831-09-21,
58,http://www.wikidata.org/entity/Q9637572,Augusto César Barjona de Freitas,Barjona de Freitas,101823,Coimbra,http://www.wikidata.org/entity/Q45412,-8.4288888888889,40.211111111111,1834-01-13,167004
62,http://www.wikidata.org/entity/Q9637572,Augusto César Barjona de Freitas,Barjona de freitas,101823,Coimbra,http://www.wikidata.org/entity/Q45412,-8.4288888888889,40.211111111111,1834-01-13,
450,http://www.wikidata.org/entity/Q16495188,Augusto César Pires de Lima,,74197,Santo Tirso,http://www.wikidata.org/entity/Q917330,-8.4775,41.3425,1883-08-29,218280
17,http://www.wikidata.org/entity/Q9637622,Augusto Eduardo Nunes,,94116,Portalegre,http://www.wikidata.org/entity/Q622819,-7.4166666666667,39.316666666667,1849-05-31,172815
63,http://www.wikidata.org/entity/Q9637703,Augusto Hilário,,346733,Viseu,http://www.wikidata.org/entity/Q117676,-7.9138888888889,40.6575,1864-01-07,144769
84,http://www.wikidata.org/entity/Q9637776,Augusto Maria da Fonseca Coutinho,,,Portalegre,http://www.wikidata.org/entity/Q622819,-7.4166666666667,39.316666666667,1857-11-17,205553
70,http://www.wikidata.org/entity/Q9637884,Augusto Romano Sanches de Baena,Augusto Romano Sanches de Baena e Farinha d'Almeida Portugal da Silva e Sousa,83318,Vairão,http://www.wikidata.org/entity/Q2256483,-8.66657,41.332222222222,1822-09-26,
11,http://www.wikidata.org/entity/Q9637995,Augusto da Fonseca Júnior,,,Colos,http://www.wikidata.org/entity/Q1111724,-8.45,37.733333333333,1895-02-10,
94,http://www.wikidata.org/entity/Q9638198,Aureliano de Mira Fernandes,Aureliano Lopes de Mira Fernandes,28012,Mina de São Domingos,http://www.wikidata.org/entity/Q1518830,-7.500184,37.67434,1884-06-16,
24,http://www.wikidata.org/entity/Q9638330,Aurélio Quintanilha,Aurélio Pereira da Silva Quintanilha,47075,Angra do Heroísmo,http://www.wikidata.org/entity/Q193677,-27.215277777778,38.655833333333,1892-04-24,
382,http://www.wikidata.org/entity/Q27876006,Bartolomeu da Costa (tesoureiro-mor da Sé de Lisboa),Bartolomeu da Costa,,Castelo Branco,http://www.wikidata.org/entity/Q373720,-7.4930555555556,39.822777777778,1553-09-03,199898
111,http://www.wikidata.org/entity/Q709516,Bartolomeu de Gusmão,Bartolomeu Lourenço de Gusmão,,Santos,http://www.wikidata.org/entity/Q81882,-46.333888888889,-23.960833333333,1685-12-18,
457,http://www.wikidata.org/entity/Q16497103,Basílio Alberto de Sousa Pinto,,137949,Cinfães,http://www.wikidata.org/entity/Q1926580,-8.0891666666667,41.05713,1793-03-16,
212,http://www.wikidata.org/entity/Q455317,Bernardino Machado,Bernardino Luis Machado Guimarães,85666,Rio de Janeiro,http://www.wikidata.org/entity/Q8678,-43.196388888889,-22.908333333333,1851-03-28,180974
202,http://www.wikidata.org/entity/Q455317,Bernardino Machado,Bernardino Luiz Machado Guimarães,85666,Rio de Janeiro,http://www.wikidata.org/entity/Q8678,-43.196388888889,-22.908333333333,1851-03-28,
43,http://www.wikidata.org/entity/Q9655262,Bernardo Augusto de Madureira e Vasconcelos,Bernardo Augusto de Madureira,,Ancede,http://www.wikidata.org/entity/Q488941,-8.0619444444444,41.104722222222,1842-03-07,182496
484,http://www.wikidata.org/entity/Q12082349,Bernardo Pereira de Vasconcelos,Bernardo Pereira de Vasconcellos,,Ouro Preto,http://www.wikidata.org/entity/Q188905,-43.503611111111,-20.385277777778,1795-08-27,
836,http://www.wikidata.org/entity/Q16497992,Bernardo Pinheiro Correia de Melo,,7353,Guimarães,http://www.wikidata.org/entity/Q170903,-8.2908333333333,41.445,1855-05-27,174689
448,http://www.wikidata.org/entity/Q16464464,Bernardo Rodrigues Nogueira,Dom Bernardo Rodrigues Nogueira,,,,,,1695-04-06,
338,http://www.wikidata.org/entity/Q3638813,Bernardo de Brito,Baltasar de Brito de Andrade,17423,Almeida,http://www.wikidata.org/entity/Q617889,-6.9055833333333,40.725916666667,1569-08-20,
42,http://www.wikidata.org/entity/Q9655523,Bernardo do Canto Machado de Faria e Maia,Bernardo do Canto Machado Faria e Maia,,Ponta Delgada,http://www.wikidata.org/entity/Q208149,-25.67,37.74,1797-06-21,183304
161,http://www.wikidata.org/entity/Q66830,Bernhard Tollens,Bernhard Christian Gottfried Tollens,1683571,Hamburgo,http://www.wikidata.org/entity/Q1055,10.0,53.55,1841-07-30,
215,http://www.wikidata.org/entity/Q4981790,Brás Garcia de Mascarenhas,,87332,Avô,http://www.wikidata.org/entity/Q791570,-7.9037027777778,40.292816666667,1596-02-03,170702
447,http://www.wikidata.org/entity/Q13408257,Caetano da Anunciação Brandão,,,Oliveira de Azeméis,http://www.wikidata.org/entity/Q405252,-8.4833333333333,40.833333333333,1740-09-11,
367,http://www.wikidata.org/entity/Q286722,Camilo Pessanha,Camilo de Almeida Pessanha,29480,Coimbra,http://www.wikidata.org/entity/Q45412,-8.4288888888889,40.211111111111,1867-09-07,239985
57,http://www.wikidata.org/entity/Q9697267,Carlos Orta Lobo d'Ávila,Carlos Lobo de Ávila,152845,Lisboa,http://www.wikidata.org/entity/Q597,-9.139016,38.708042,1860-03-17,148765
762,http://www.wikidata.org/entity/Q16929976,Celestino de Almeida,Celestino Germano Pais de Almeida,,Vila de Frades,http://www.wikidata.org/entity/Q1018817,-7.8166666666667,38.216666666667,1864-05-28,
296,http://www.wikidata.org/entity/Q5121310,Cipriano Barata,Cipriano José Barata de Almeida,,Salvador,http://www.wikidata.org/entity/Q36947,-38.492777777778,-12.983055555556,1762-09-26,
777,http://www.wikidata.org/entity/Q1789904,Cláudio Manuel da Costa,,51943,Mariana,http://www.wikidata.org/entity/Q984567,-43.416472222222,-20.378347222222,1729-06-05,
466,http://www.wikidata.org/entity/Q16489680,Conde do Ameal,,,Coimbra,http://www.wikidata.org/entity/Q45412,-8.4288888888889,40.211111111111,1844-02-05,
413,http://www.wikidata.org/entity/Q106419707,Cristiano de Sousa,Christiano de Sousa,,Porto,http://www.wikidata.org/entity/Q36433,-8.6107777777778,41.149472222222,1862-03-13,180953
462,http://www.wikidata.org/entity/Q106419707,Cristiano de Sousa,Christiano de Sousa,,Porto,http://www.wikidata.org/entity/Q36433,-8.6107777777778,41.149472222222,1862-03-13,
701,http://www.wikidata.org/entity/Q10261723,Cristóvão Alão de Morais,Cristovão Alão de Morais,146135,São João da Madeira,http://www.wikidata.org/entity/Q565287,-8.5,40.9,1632-05-13,
106,http://www.wikidata.org/entity/Q76728,Cristóvão Clávio,Christoph Clau,531981,Bamberg,http://www.wikidata.org/entity/Q3936,10.891666666667,49.891666666667,1538-04-04,
245,http://www.wikidata.org/entity/Q5202392,Cândido José de Araújo Viana,Candido José de Araujo Vianna,,Nova Lima,http://www.wikidata.org/entity/Q1642662,-43.846944444444,-19.985833333333,1793-09-15,
261,http://www.wikidata.org/entity/Q501859,D. Luís da Cunha,D. Luiz da Cunha,56165,Lisboa,http://www.wikidata.org/entity/Q597,-9.139016,38.708042,1662-01-25,
234,http://www.wikidata.org/entity/Q501859,D. Luís da Cunha,Luís da Cunha,56165,Lisboa,http://www.wikidata.org/entity/Q597,-9.139016,38.708042,1662-01-25,294781
285,http://www.wikidata.org/entity/Q5219175,Daniel da Silva,Daniel Augusto da Silva,94933,Lisboa,http://www.wikidata.org/entity/Q597,-9.139016,38.708042,1814-05-16,225940
362,http://www.wikidata.org/entity/Q3708465,Diego de Paiva de Andrade,Diego Andrada de Payva,4879,Coimbra,http://www.wikidata.org/entity/Q45412,-8.4288888888889,40.211111111111,1528-07-26,
327,http://www.wikidata.org/entity/Q3028686,Diogo Inácio de Pina Manique,Pina Manique,195123,Lisboa,http://www.wikidata.org/entity/Q597,-9.139016,38.708042,1733-10-03,243330
275,http://www.wikidata.org/entity/Q5279228,Diogo de Barcelos Machado de Bettencourt,Diogo de Barcelos Machado Bettencourt,,Angra do Heroísmo,http://www.wikidata.org/entity/Q193677,-27.215277777778,38.655833333333,1847-08-08,152471
269,http://www.wikidata.org/entity/Q5279228,Diogo de Barcelos Machado de Bettencourt,Diogo de barcelos machado de bettencourt,,Angra do Heroísmo,http://www.wikidata.org/entity/Q193677,-27.215277777778,38.655833333333,1847-08-08,
289,http://www.wikidata.org/entity/Q5279236,Diogo de Mendonça Corte-Real,Diogo de Mendonça Corte Real,209051,Tavira,http://www.wikidata.org/entity/Q372840,-7.6506,37.13085,1658-07-17,
163,http://www.wikidata.org/entity/Q64727664,Dom José de Barros Alarcão,José de Barros Alarcão,,Leiria,http://www.wikidata.org/entity/Q206933,-8.8069444444444,39.743055555556,1634-11-28,
700,http://www.wikidata.org/entity/Q10268035,Domingos Borges de Barros,Barão de Pedra Branca,162042,Salvador,http://www.wikidata.org/entity/Q36947,-38.492777777778,-12.983055555556,1780-10-10,
790,http://www.wikidata.org/entity/Q1960658,Domingos Caldas Barbosa,Viola de Lereno,45452,Rio de Janeiro,http://www.wikidata.org/entity/Q8678,-43.196388888889,-22.908333333333,1738-08-04,150380
830,http://www.wikidata.org/entity/Q1960658,Domingos Caldas Barbosa,Viola de Lereno,45452,Rio de Janeiro,http://www.wikidata.org/entity/Q8678,-43.196388888889,-22.908333333333,1738-08-04,
445,http://www.wikidata.org/entity/Q1237519,Domingos Leite Pereira,Domingos Leite,,Braga,http://www.wikidata.org/entity/Q83247,-8.4166666666667,41.533333333333,1882-09-19,
434,http://www.wikidata.org/entity/Q1237519,Domingos Leite Pereira,Domingos Pereira,,Braga,http://www.wikidata.org/entity/Q83247,-8.4166666666667,41.533333333333,1882-09-19,233404
486,http://www.wikidata.org/entity/Q1261617,Duarte Leite,Duarte Leite Pereira da Silva,66770,Porto,http://www.wikidata.org/entity/Q36433,-8.6107777777778,41.149472222222,1864-08-11,226121
492,http://www.wikidata.org/entity/Q110910811,Eduardo José Coelho,,183729,Vilela do Tâmega,http://www.wikidata.org/entity/Q194653,-7.5452777777778,41.684166666667,1835-09-17,
95,http://www.wikidata.org/entity/Q8772425,Eduardo de Abreu,Eduardo Augusto da Rocha Abreu,1460,Angra do Heroísmo,http://www.wikidata.org/entity/Q193677,-27.215277777778,38.655833333333,1856-02-08,140699
53,http://www.wikidata.org/entity/Q8772425,Eduardo de Abreu,Eduardo Augusto da Rocha de Abreu,1460,Angra do Heroísmo,http://www.wikidata.org/entity/Q193677,-27.215277777778,38.655833333333,1856-02-08,
816,http://www.wikidata.org/entity/Q21290098,Elias da Cunha Pessoa,,,Tomar,http://www.wikidata.org/entity/Q622817,-8.4166666666667,39.6,1801-07-04,240208
727,http://www.wikidata.org/entity/Q10272145,Elísio de Moura,Elysio de Moura,100061,Braga,http://www.wikidata.org/entity/Q83247,-8.4166666666667,41.533333333333,1877-08-30,240348
712,http://www.wikidata.org/entity/Q10272145,Elísio de Moura,Elísio de Azevedo e Moura,100061,Braga,http://www.wikidata.org/entity/Q83247,-8.4166666666667,41.533333333333,1877-08-30,
722,http://www.wikidata.org/entity/Q10272643,Emírcio Teixeira Pinto,Emircio Teixeira Pinto,,Vila Pouca de Aguiar,http://www.wikidata.org/entity/Q1006397,-7.6333333333333,41.483333333333,1899-08-17,
718,http://www.wikidata.org/entity/Q10274055,Ernesto Ferreira França,,,Bahia,http://www.wikidata.org/entity/Q40430,-41.69,-12.52,1804-06-21,
401,http://www.wikidata.org/entity/Q110736363,Ernesto Gonçalves,,,Funchal,http://www.wikidata.org/entity/Q25444,-16.916666666667,32.65,1898-06-30,
702,http://www.wikidata.org/entity/Q10274102,Ernesto do Canto,,25970,Ponta Delgada,http://www.wikidata.org/entity/Q208149,-25.67,37.74,1831-12-12,
48,http://www.wikidata.org/entity/Q96761830,Eugénio Dionísio de Mascarenhas Grade,,,Lagoa,http://www.wikidata.org/entity/Q985519,-8.45,37.133333333333,1785-03-06,
707,http://www.wikidata.org/entity/Q10278167,Eugénio Vaz Pacheco do Canto e Castro,Eugénio Pacheco,,Ponta Delgada,http://www.wikidata.org/entity/Q208149,-25.67,37.74,1863-11-08,132517
430,http://www.wikidata.org/entity/Q1373516,Eugénio de Castro,,10391,Coimbra,http://www.wikidata.org/entity/Q45412,-8.4288888888889,40.211111111111,1869-03-04,
69,http://www.wikidata.org/entity/Q87477495,Eugénio do Canto,,121441,Ponta Delgada,http://www.wikidata.org/entity/Q208149,-25.67,37.74,1836-10-17,132025
328,http://www.wikidata.org/entity/Q3068505,Ferdinand Ashmall,Ashmall,,Elwick,http://www.wikidata.org/entity/Q5368292,-1.2953,54.6843,1695-01-09,
829,http://www.wikidata.org/entity/Q17318172,Fernando António de Almeida Tavares e Oliveira,,,,,,,1793-03-31,
724,http://www.wikidata.org/entity/Q10281435,Fernando Martins de Mascarenhas,Fernando martins de mascarenhas,47709,Montemor-o-Novo,http://www.wikidata.org/entity/Q538407,-8.2166666666667,38.65,1548-01-30,
419,http://www.wikidata.org/entity/Q1397410,Fernando de Sousa e Silva,Fernando de Sousa da Silva,,Lisboa,http://www.wikidata.org/entity/Q597,-9.139016,38.708042,1712-11-27,
253,http://www.wikidata.org/entity/Q5444924,Fernando dos Santos Costa,Fernando Santos Costa,54606,,,,,1899-12-19,
808,http://www.wikidata.org/entity/Q17280326,Filipe Folque,Filipe de Sousa Folque,44818,Portalegre,http://www.wikidata.org/entity/Q622819,-7.4166666666667,39.316666666667,1800-11-28,139332
721,http://www.wikidata.org/entity/Q10282299,Filipe de Sousa e Holstein,Filipe de Sousa Holstein,,Lisboa,http://www.wikidata.org/entity/Q597,-9.139016,38.708042,1841-12-26,190218
714,http://www.wikidata.org/entity/Q10282363,Filomeno da Câmara Melo Cabral,,155824,Lagoa,http://www.wikidata.org/entity/Q564759,-25.583333333333,37.75,1844-07-18,
160,http://www.wikidata.org/entity/Q55908387,Francisco Antonio Pereira da Costa,,849175,Lisboa,http://www.wikidata.org/entity/Q597,-9.139016,38.708042,1809-10-11,
776,http://www.wikidata.org/entity/Q17280331,Francisco António Fernandes da Silva Ferrão,,53840,Coimbra,http://www.wikidata.org/entity/Q45412,-8.4288888888889,40.211111111111,1798-07-23,
736,http://www.wikidata.org/entity/Q10284691,Francisco Caupers Machado de Faria e Maia,,793751,Ponta Delgada,http://www.wikidata.org/entity/Q208149,-25.67,37.74,1841-05-24,
782,http://www.wikidata.org/entity/Q16917757,Francisco Correia de Mendonça,,,Lagos,http://www.wikidata.org/entity/Q732548,-8.6666666666667,37.1,1832-01-03,234635
375,http://www.wikidata.org/entity/Q357932,Francisco Fernandes Costa,Francisco José Fernandes Costa,,Foz de Arouce,http://www.wikidata.org/entity/Q1024381,-8.2808333333333,40.163611111111,1867-04-19,201049
371,http://www.wikidata.org/entity/Q357932,Francisco Fernandes Costa,Francisco José Fernandes da Costa,,Foz de Arouce,http://www.wikidata.org/entity/Q1024381,-8.2808333333333,40.163611111111,1867-04-19,
339,http://www.wikidata.org/entity/Q3815565,Francisco Gomes Teixeira,Gomes Teixeira,73974,Armamar,http://www.wikidata.org/entity/Q558610,-7.6833333333333,41.116666666667,1851-01-28,
723,http://www.wikidata.org/entity/Q10284812,Francisco Guedes de Carvalho Meneses da Costa,Francisco Guedes de Carvalho e Meneses da Costa,,,,,,1757-01-02,
741,http://www.wikidata.org/entity/Q17280031,Francisco Jerónimo da Silva,,111105,Angra do Heroísmo,http://www.wikidata.org/entity/Q193677,-27.215277777778,38.655833333333,1807-12-30,
733,http://www.wikidata.org/entity/Q10284873,Francisco José da Costa e Amaral,,,Portalegre,http://www.wikidata.org/entity/Q622819,-7.4166666666667,39.316666666667,1798-08-14,145473
708,http://www.wikidata.org/entity/Q10284884,Francisco José de Lacerda e Almeida,Francisco de Lacerda,252017,São Paulo,http://www.wikidata.org/entity/Q174,-46.633947222222,-23.550394444444,1753-08-22,143095
717,http://www.wikidata.org/entity/Q10284884,Francisco José de Lacerda e Almeida,Lacerda e Almeida,252017,São Paulo,http://www.wikidata.org/entity/Q174,-46.633947222222,-23.550394444444,1753-08-22,
763,http://www.wikidata.org/entity/Q19607875,Francisco José de Sousa Loureiro,,169783,Coimbra,http://www.wikidata.org/entity/Q45412,-8.4288888888889,40.211111111111,1772-09-20,254021
817,http://www.wikidata.org/entity/Q17318190,Francisco Margiochi,,1487876,,,,,1774-10-05,
705,http://www.wikidata.org/entity/Q10285181,Francisco Torrinha,Francisco Forte de Faria Torrinha,90381,Vila Nova de Famalicão,http://www.wikidata.org/entity/Q551658,-8.5166666666667,41.416666666667,1879-05-01,204873
706,http://www.wikidata.org/entity/Q10285184,Francisco Trigoso,Aragão Morato,98512,Santa Engrácia,http://www.wikidata.org/entity/Q612059,-9.1197222222222,38.719166666667,1777-09-17,
427,http://www.wikidata.org/entity/Q1392575,Francisco Veiga Beirão,Francisco António da Veiga Beirão,103736,Lisboa,http://www.wikidata.org/entity/Q597,-9.139016,38.708042,1841-07-24,185127
424,http://www.wikidata.org/entity/Q1392575,Francisco Veiga Beirão,Francisco da Veiga Beirão,103736,Lisboa,http://www.wikidata.org/entity/Q597,-9.139016,38.708042,1841-07-24,
716,http://www.wikidata.org/entity/Q10285201,Francisco Vieira Pita,,,Canhas,http://www.wikidata.org/entity/Q2936371,-17.110861111111,32.694194444444,1863-09-01,
420,http://www.wikidata.org/entity/Q104090593,Francisco da Fonseca Henriques,Francisco de Mirandela,237623,,,,,1665-10-06,
726,http://www.wikidata.org/entity/Q10285297,Francisco de Almada e Mendonça,,,Lisboa,http://www.wikidata.org/entity/Q597,-9.139016,38.708042,1757-02-28,
266,http://www.wikidata.org/entity/Q4290420,Francisco de Ascensão Mendonça,Francisco de Ascenção Mendonça,94181,Faro,http://www.wikidata.org/entity/Q159457,-7.935,37.016111111111,1889-05-30,
703,http://www.wikidata.org/entity/Q10285342,Francisco de Borja Pedro Maria António de Sousa Holstein,,377185,Paris,http://www.wikidata.org/entity/Q90,2.3513888888889,48.856944444444,1838-04-20,
752,http://www.wikidata.org/entity/Q18285192,Francisco de Castro Matoso Corte-Real,Francisco de Castro Matoso da Silva Corte-Real,,Aveiro,http://www.wikidata.org/entity/Q485581,-8.6552777777778,40.638888888889,1832-11-23,
750,http://www.wikidata.org/entity/Q23771075,Francisco de Melo Franco,,167566,,,,,1757-09-17,
738,http://www.wikidata.org/entity/Q10285375,Francisco de Mendonça Pacheco de Melo,,,Santa Cruz da Graciosa,http://www.wikidata.org/entity/Q1010463,-28.016666666667,39.083333333333,1857-04-27,
224,http://www.wikidata.org/entity/Q5484166,Francisco de Paula Vieira da Silva Tovar,,,Molelos,http://www.wikidata.org/entity/Q154081,-8.0955555555556,40.530277777778,1774-02-08,
28,http://www.wikidata.org/entity/Q932758,Francisco de Saldanha da Gama,,1328910,Lisboa,http://www.wikidata.org/entity/Q597,-9.139016,38.708042,1723-05-20,
199,http://www.wikidata.org/entity/Q661150,Francisco de São Luís Saraiva,,79935,Ponte de Lima,http://www.wikidata.org/entity/Q490180,-8.5833333333333,41.766666666667,1766-01-26,
732,http://www.wikidata.org/entity/Q10285752,Frederico Augusto Lopes da Silva,,,Angra do Heroísmo,http://www.wikidata.org/entity/Q193677,-27.215277777778,38.655833333333,1863-12-01,
184,http://www.wikidata.org/entity/Q56741356,Frei Custódio Alves Serrão,,,Alcântara,http://www.wikidata.org/entity/Q939522,-44.415,-2.4088888888889,1799-10-02,223882
144,http://www.wikidata.org/entity/Q56702597,Frei José da Costa Azevedo,,,Rio de Janeiro,http://www.wikidata.org/entity/Q8678,-43.196388888889,-22.908333333333,1763-09-16,
510,http://www.wikidata.org/entity/Q1032088,Félix de Avelar Brotero,Avelar Brotero,46386,Loures,http://www.wikidata.org/entity/Q917535,-9.1666666666667,38.7,1744-11-25,
230,http://www.wikidata.org/entity/Q5563677,Giovanni Antonio Grassi,Giovanni Grassi,,Schilpario,http://www.wikidata.org/entity/Q101566,10.15,46.016666666667,1775-09-10,
81,http://www.wikidata.org/entity/Q85420795,Gonçalo Pereira da Silva de Sousa e Meneses,,99398,Porto,http://www.wikidata.org/entity/Q36433,-8.6107777777778,41.149472222222,1851-12-28,
229,http://www.wikidata.org/entity/Q459037,Gonçalo Sampaio,Gonçalo António da Silva Ferreira Sampaio,146869,Póvoa de Lanhoso,http://www.wikidata.org/entity/Q551689,-8.2666666666667,41.566666666667,1865-03-29,
86,http://www.wikidata.org/entity/Q983565,Gregório de Matos,Boca de Brasa,88267,Salvador,http://www.wikidata.org/entity/Q36947,-38.492777777778,-12.983055555556,1636-12-23,
361,http://www.wikidata.org/entity/Q336918,Guerra Junqueiro,Abílio Manuel Guerra Junqueiro,10394,Freixo de Espada à Cinta,http://www.wikidata.org/entity/Q551684,-6.8,41.083333333333,1850-09-17,180781
364,http://www.wikidata.org/entity/Q336918,Guerra Junqueiro,Abílio de Guerra Junqueiro,10394,Freixo de Espada à Cinta,http://www.wikidata.org/entity/Q551684,-6.8,41.083333333333,1850-09-17,
404,http://www.wikidata.org/entity/Q1553827,Guilherme Braga,Guilherme da Silva Braga,16442,Porto,http://www.wikidata.org/entity/Q36433,-8.6107777777778,41.149472222222,1845-03-22,187254
715,http://www.wikidata.org/entity/Q10292816,Guilherme Moreira,Guilherme Alves Moreira,98807,Santa Maria da Feira,http://www.wikidata.org/entity/Q564813,-8.5333333333333,40.933333333333,1861-03-21,
734,http://www.wikidata.org/entity/Q10294753,Henrique Ferreira de Oliveira Brás,Henrique Brás,16970,Angra do Heroísmo,http://www.wikidata.org/entity/Q193677,-27.215277777778,38.655833333333,1884-02-09,
329,http://www.wikidata.org/entity/Q28890065,Henrique de Carvalho Nunes da Silva Anacoreta,,,Santarém,http://www.wikidata.org/entity/Q273877,-8.6869444444444,39.239166666667,1871-11-12,
778,http://www.wikidata.org/entity/Q24846545,Henrique de Macedo Pereira Coutinho,,,Verride,http://www.wikidata.org/entity/Q925878,-8.7063888888889,40.131666666667,1843-09-06,205788
697,http://www.wikidata.org/entity/Q10295132,Hermenegildo Augusto de Faria Blanc,,,Santa Maria da Feira,http://www.wikidata.org/entity/Q564813,-8.5333333333333,40.933333333333,1811-09-23,
287,http://www.wikidata.org/entity/Q5102822,Hipólito da Costa,Hipólito José da Costa,132620,Colónia do Sacramento,http://www.wikidata.org/entity/Q56064,-57.844166666667,-34.471388888889,1774-08-13,
142,http://www.wikidata.org/entity/Q591529,Honório Hermeto Carneiro Leão,Marquês do Paraná,,Jacuí,http://www.wikidata.org/entity/Q1779955,-46.740833333333,-21.016944444444,1801-01-11,
174,http://www.wikidata.org/entity/Q55893270,Ildefonso Leopoldo Bayard,Ildefonso-Leopoldo Bayard,241793,Coimbra,http://www.wikidata.org/entity/Q45412,-8.4288888888889,40.211111111111,1785-09-03,149900
151,http://www.wikidata.org/entity/Q5993064,Inácio Barbosa Machado,,,Lisboa,http://www.wikidata.org/entity/Q597,-9.139016,38.708042,1686-11-23,
67,http://www.wikidata.org/entity/Q928876,Inácio do Nascimento Morais Cardoso,,1218192,Murça,http://www.wikidata.org/entity/Q513049,-7.45,41.4,1811-12-20,134325
164,http://www.wikidata.org/entity/Q64747752,Jacinto Carlos da Silveira,,,Évora,http://www.wikidata.org/entity/Q179948,-7.9072222222222,38.5725,1732-09-18,230556
669,http://www.wikidata.org/entity/Q10305313,Januário Correia de Almeida,Conde de são januário,195724,Paço de Arcos,http://www.wikidata.org/entity/Q2065632,-9.2936111111111,38.695,1829-03-31,
493,http://www.wikidata.org/entity/Q1392619,Joaquim António de Aguiar,Joaquim António Aguiar,2826,Coimbra,http://www.wikidata.org/entity/Q45412,-8.4288888888889,40.211111111111,1792-08-24,141759
496,http://www.wikidata.org/entity/Q1392619,Joaquim António de Aguiar,Mata frades,2826,Coimbra,http://www.wikidata.org/entity/Q45412,-8.4288888888889,40.211111111111,1792-08-24,
609,http://www.wikidata.org/entity/Q10307138,Joaquim Desterro de Almeida,,,,,,,1880-02-22,
121,http://www.wikidata.org/entity/Q64747394,Joaquim Ferreira de Carvalho,,,Coimbra,http://www.wikidata.org/entity/Q45412,-8.4288888888889,40.211111111111,1750-07-17,156176
796,http://www.wikidata.org/entity/Q24013817,Joaquim Germano de Sequeira da Fonseca e Sousa,,,Vila Franca de Xira,http://www.wikidata.org/entity/Q2183627,-8.9897222222222,38.954166666667,1827-09-04,
116,http://www.wikidata.org/entity/Q6206316,Joaquim Heliodoro da Cunha Rivara,Cunha Rivara,787355,Arraiolos,http://www.wikidata.org/entity/Q699141,-7.9843333333333,38.722916666667,1809-06-23,
674,http://www.wikidata.org/entity/Q10307234,Joaquim José Pereira da Silveira e Sousa,,,Velas,http://www.wikidata.org/entity/Q2198185,-28.207944444444,38.681722222222,1796-02-17,
831,http://www.wikidata.org/entity/Q21290114,Joaquim José Pereira de Melo,,120470,Belém,http://www.wikidata.org/entity/Q18500330,-9.2,38.7,1790-08-22,
833,http://www.wikidata.org/entity/Q1791241,Joaquim José Rodrigues Torres,,,Itaboraí,http://www.wikidata.org/entity/Q841244,-42.855833333333,-22.7475,1802-12-13,
771,http://www.wikidata.org/entity/Q1690864,Joaquim Machado de Castro,Machado de Castro,43221,Coimbra,http://www.wikidata.org/entity/Q45412,-8.4288888888889,40.211111111111,1731-06-19,
150,http://www.wikidata.org/entity/Q64734493,Joaquim Maria Mascarenhas Castelo Branco,,,Rio de Janeiro,http://www.wikidata.org/entity/Q8678,-43.196388888889,-22.908333333333,1753-06-15,
635,http://www.wikidata.org/entity/Q10307298,Joaquim Maria da Silva,Joaquim maria da silva,178095,Angra do Heroísmo,http://www.wikidata.org/entity/Q193677,-27.215277777778,38.655833333333,1830-05-24,227536
672,http://www.wikidata.org/entity/Q10307317,Joaquim Mendes dos Remédios,Joaquim mendes dos remédios,29952,Nisa,http://www.wikidata.org/entity/Q1013628,-7.65,39.516666666667,1867-09-21,137672
600,http://www.wikidata.org/entity/Q10307317,Joaquim Mendes dos Remédios,Mendes dos Remédios,29952,Nisa,http://www.wikidata.org/entity/Q1013628,-7.65,39.516666666667,1867-09-21,
676,http://www.wikidata.org/entity/Q10307319,Joaquim Moniz de Sá Corte-Real e Amaral,Corte Real e Amaral,3969,Angra do Heroísmo,http://www.wikidata.org/entity/Q193677,-27.215277777778,38.655833333333,1889-08-28,
756,http://www.wikidata.org/entity/Q23905379,Joaquim Pais de Abranches,,,Carvalhal Redondo,http://www.wikidata.org/entity/Q74448,-7.9027777777778,40.539722222222,1837-05-14,140432
787,http://www.wikidata.org/entity/Q16930167,Joaquim Pedro Martins,,,,,,,1875-12-23,
317,http://www.wikidata.org/entity/Q305493,Joaquim Pimenta de Castro,Joaquim Pereira Pimenta de Castro,115644,Monção,http://www.wikidata.org/entity/Q425738,-8.48,42.073333333333,1846-11-05,
459,http://www.wikidata.org/entity/Q112085958,Joaquim Simões Ferreira,,,Coimbra,http://www.wikidata.org/entity/Q45412,-8.4288888888889,40.211111111111,1837-04-01,246435
650,http://www.wikidata.org/entity/Q10307419,Joaquim Taibner de Morais,Joaquim taibner de morais,,Marinha Grande,http://www.wikidata.org/entity/Q2359720,-8.9316666666667,39.750555555556,1840-08-10,
646,http://www.wikidata.org/entity/Q10307427,Joaquim Teotônio Segurado,Joaquim Theotônio Segurado,,Moura,http://www.wikidata.org/entity/Q551662,-7.4504722222222,38.139694444444,1775-02-25,
801,http://www.wikidata.org/entity/Q1690871,Joaquim de Carvalho,,37499,Figueira da Foz,http://www.wikidata.org/entity/Q428459,-8.86179,40.15085,1892-06-10,156097
101,http://www.wikidata.org/entity/Q5931630,Joaquim de Mariz,,1439970,Coimbra,http://www.wikidata.org/entity/Q45412,-8.4288888888889,40.211111111111,1847-02-28,184267
114,http://www.wikidata.org/entity/Q5580990,José Adelino Serrasqueiro,,735392,Castelo Branco,http://www.wikidata.org/entity/Q373720,-7.4930555555556,39.822777777778,1835-12-22,224045
385,http://www.wikidata.org/entity/Q3186139,José Adriano Pequito Rebelo,José Pequito Rebelo,105658,Portalegre,http://www.wikidata.org/entity/Q225189,-7.4319444444444,39.291111111111,1892-05-21,
607,http://www.wikidata.org/entity/Q10308727,José Alberto de Oliveira Anchieta,,152066,Lisboa,http://www.wikidata.org/entity/Q597,-9.139016,38.708042,1832-10-09,
636,http://www.wikidata.org/entity/Q10308782,José António Ferreira Brak-Lamy,José Antonio Ferreira Braklami,,Lagos,http://www.wikidata.org/entity/Q732548,-8.6666666666667,37.1,1781-08-18,
688,http://www.wikidata.org/entity/Q10308789,José António Guerreiro,,112058,Lanhelas,http://www.wikidata.org/entity/Q1022605,-8.79104,41.90636,1789-12-05,180816
803,http://www.wikidata.org/entity/Q16930180,José Augusto Correia de Campos,,24958,Vila Nova de Paiva,http://www.wikidata.org/entity/Q1003146,-7.7333333333333,40.85,1890-12-05,130596
147,http://www.wikidata.org/entity/Q6291629,José Augusto Ferreira Veiga,,,Macau,http://www.wikidata.org/entity/Q3916279,113.54611111111,22.200555555556,1838-11-22,
677,http://www.wikidata.org/entity/Q10308913,José Augusto Nogueira Sampaio,,108598,Angra do Heroísmo,http://www.wikidata.org/entity/Q193677,-27.215277777778,38.655833333333,1827-12-11,215040
824,http://www.wikidata.org/entity/Q17285773,José Barbosa,,,,,,,1674-11-23,
617,http://www.wikidata.org/entity/Q10308989,José Bernardo da Silva Cabral,José bernardo da silva cabral,92638,Fornos de Algodres,http://www.wikidata.org/entity/Q641715,-7.5333333333333,40.616666666667,1801-07-27,128467
363,http://www.wikidata.org/entity/Q379631,José Bonifácio de Andrada e Silva,Americo Elysio,103830,Santos,http://www.wikidata.org/entity/Q81882,-46.333888888889,-23.960833333333,1763-06-13,271263
368,http://www.wikidata.org/entity/Q379631,José Bonifácio de Andrada e Silva,Américo Elísio,103830,Santos,http://www.wikidata.org/entity/Q81882,-46.333888888889,-23.960833333333,1763-06-13,
789,http://www.wikidata.org/entity/Q21290139,José Cardoso de Meneses Martins,,,Guimarães,http://www.wikidata.org/entity/Q170903,-8.2908333333333,41.445,1873-10-10,
428,http://www.wikidata.org/entity/Q106262879,José Coelho da Mota Prego,,122935,Guimarães,http://www.wikidata.org/entity/Q170903,-8.2908333333333,41.445,1857-08-02,250279
259,http://www.wikidata.org/entity/Q47318408,José Custódio de Morais,,,Marinha Grande,http://www.wikidata.org/entity/Q289852,-8.9333333333333,39.75,1890-03-09,251292
774,http://www.wikidata.org/entity/Q17318247,José Diogo de Mascarenhas Neto,,,Silves,http://www.wikidata.org/entity/Q749180,-8.4333333333333,37.183333333333,1752-02-18,168978
626,http://www.wikidata.org/entity/Q10309302,José Eduardo Raposo de Magalhães,,239156,Alcobaça,http://www.wikidata.org/entity/Q651997,-8.975,39.55,1844-06-12,182939
637,http://www.wikidata.org/entity/Q10309346,José Eugénio Dias Ferreira,José Eugénio Ferreira,,Lisboa,http://www.wikidata.org/entity/Q597,-9.139016,38.708042,1882-11-13,246787
138,http://www.wikidata.org/entity/Q7588155,José Ferreira Borges,,80412,Porto,http://www.wikidata.org/entity/Q36433,-8.6107777777778,41.149472222222,1786-06-08,131212
667,http://www.wikidata.org/entity/Q10309450,José Francisco de Azevedo e Silva,Azevedo e Silva,133922,Loulé,http://www.wikidata.org/entity/Q586722,-8.02345,37.14399,1858-11-25,230292
687,http://www.wikidata.org/entity/Q10309450,José Francisco de Azevedo e Silva,José Francisco Azevedo e Silva,133922,Loulé,http://www.wikidata.org/entity/Q586722,-8.02345,37.14399,1858-11-25,
606,http://www.wikidata.org/entity/Q10309630,José Jacinto Nunes,Jacinto Nunes,144290,Pedrógão Grande,http://www.wikidata.org/entity/Q1013094,-8.15,39.916666666667,1839-10-25,
631,http://www.wikidata.org/entity/Q10309643,José Joaquim Carneiro de Campos,José Joaquim Carneiro de Santos,,Salvador,http://www.wikidata.org/entity/Q36947,-38.492777777778,-12.983055555556,1768-03-04,
139,http://www.wikidata.org/entity/Q64734418,José Joaquim Justiniano Mascarenhas Castelo Branco,,,Rio de Janeiro,http://www.wikidata.org/entity/Q8678,-43.196388888889,-22.908333333333,1731-08-23,
802,http://www.wikidata.org/entity/Q21483097,José Joaquim Rodrigues de Bastos,,154027,Moitedo,http://www.wikidata.org/entity/Q21483170,-8.381383,40.652893,1777-11-08,
201,http://www.wikidata.org/entity/Q4290353,José Joaquim da Cunha Azeredo Coutinho,Azeredo Coutinho,54621,Rio de Janeiro,http://www.wikidata.org/entity/Q8678,-41.323888888889,-21.753888888889,1742-09-08,
675,http://www.wikidata.org/entity/Q10309684,José Joaquim de Almeida de Moura Coutinho,,130399,Porto,http://www.wikidata.org/entity/Q36433,-8.6107777777778,41.149472222222,1801-03-05,294057
123,http://www.wikidata.org/entity/Q558561,José Jorge Loureiro,,104771,Lisboa,http://www.wikidata.org/entity/Q597,-9.139016,38.708042,1791-04-23,
666,http://www.wikidata.org/entity/Q10309728,José Júlio de Bettencourt Rodrigues,,128311,Funchal,http://www.wikidata.org/entity/Q25444,-16.916666666667,32.65,1843-05-08,
745,http://www.wikidata.org/entity/Q24013847,José Lages Perestrelo de Vasconcelos,,,Lisboa,http://www.wikidata.org/entity/Q597,-9.139016,38.708042,1881-02-17,210566
315,http://www.wikidata.org/entity/Q321218,José Luciano de Castro,José Luciano,129758,Oliveirinha,http://www.wikidata.org/entity/Q2260120,-8.5913888888889,40.607777777778,1834-12-14,
197,http://www.wikidata.org/entity/Q64697672,José Luís Alves Feijó,,,Freixo de Espada à Cinta,http://www.wikidata.org/entity/Q1999803,-6.8077777777778,41.091388888889,1816-01-08,
440,http://www.wikidata.org/entity/Q105235831,José Luís Soares de Barbosa,,,Setúbal,http://www.wikidata.org/entity/Q173699,-8.89354,38.52361,1728-09-29,150836
491,http://www.wikidata.org/entity/Q107328945,José Luís de Vasconcelos e Sousa,,,Rio de Janeiro,http://www.wikidata.org/entity/Q8678,-43.196388888889,-22.908333333333,1740-07-09,
623,http://www.wikidata.org/entity/Q10309855,José Machado Serpa,José Machado de Serpa,111555,Prainha,http://www.wikidata.org/entity/Q2338463,-28.23052,38.46922,1864-03-09,223548
629,http://www.wikidata.org/entity/Q10309855,José Machado Serpa,José Machado de Serpa,111555,Prainha,http://www.wikidata.org/entity/Q2338463,-28.203055555556,38.46922,1864-03-09,
649,http://www.wikidata.org/entity/Q10309864,José Malheiro Reimão,José Malheiro Reimão Teles de Meneses e Sá,265924,Viana do Castelo,http://www.wikidata.org/entity/Q208158,-8.8333333333333,41.7,1860-07-03,
693,http://www.wikidata.org/entity/Q10309887,José Manuel Pereira dos Reis,,224689,Cadaval,http://www.wikidata.org/entity/Q33661928,-9.06738,39.24621,1879-01-30,
61,http://www.wikidata.org/entity/Q96337414,José Maria Baldy,,,Lisboa,http://www.wikidata.org/entity/Q597,-9.139016,38.708042,1800-05-16,
602,http://www.wikidata.org/entity/Q10309965,José Maria Pacheco de Aguiar,José maria pacheco de aguiar,,Porto Judeu,http://www.wikidata.org/entity/Q1999450,-27.116666666667,38.65,1803-12-08,
783,http://www.wikidata.org/entity/Q21290141,José Maria Pereira Forjaz de Sampaio,,,Lisboa,http://www.wikidata.org/entity/Q597,-9.139016,38.708042,1858-07-25,160401
653,http://www.wikidata.org/entity/Q10309969,José Maria Pereira de Lima,Pereira de Lima,93744,Coimbra,http://www.wikidata.org/entity/Q45412,-8.4288888888889,40.211111111111,1853-02-17,283501
651,http://www.wikidata.org/entity/Q10309973,José Maria Raposo do Amaral,José Maria Raposo de Amaral,,Ponta Delgada,http://www.wikidata.org/entity/Q208149,-25.67,37.74,1826-09-26,
191,http://www.wikidata.org/entity/Q64737031,José Maria da Silva Ferrão de Carvalho Martens,,258247,Lisboa,http://www.wikidata.org/entity/Q597,-9.139016,38.708042,1815-04-08,
619,http://www.wikidata.org/entity/Q10309991,José Maria da Silva Leal,José maria da silva leal,132712,Lisboa,http://www.wikidata.org/entity/Q597,-9.139016,38.708042,1812-10-08,
411,http://www.wikidata.org/entity/Q16337692,José Maria de Abreu Freire e Almeida,,,,,,,1827-03-28,
192,http://www.wikidata.org/entity/Q6293114,José Maria de Sousa Horta e Costa,,,Santa Comba Dão,http://www.wikidata.org/entity/Q861208,-8.1333333333333,40.4,1858-10-20,202661
818,http://www.wikidata.org/entity/Q17280347,José Marnoco e Sousa,,109054,Sousela,http://www.wikidata.org/entity/Q1025001,-8.3119444444444,41.300277777778,1869-08-29,
694,http://www.wikidata.org/entity/Q10310060,José Marques de Castilho,,,Águeda,http://www.wikidata.org/entity/Q249908,-8.4480055555556,40.574480555556,1869-01-03,
797,http://www.wikidata.org/entity/Q16930191,José Marques de Loureiro,,,Campo de Besteiros,http://www.wikidata.org/entity/Q154212,-8.1333333333333,40.55,1879-03-18,
679,http://www.wikidata.org/entity/Q10310328,José Pimentel Homem de Noronha,José pimentel homem de noronha,,Calheta,http://www.wikidata.org/entity/Q1019047,-28.016666666667,38.6,1846-04-12,
794,http://www.wikidata.org/entity/Q19607903,José Pinto Loureiro,,,Nelas,http://www.wikidata.org/entity/Q687790,-7.85,40.516666666667,1885-08-30,254068
152,http://www.wikidata.org/entity/Q63457061,José Prudêncio Teles,,,Horta,http://www.wikidata.org/entity/Q990385,-28.633333333333,38.533333333333,1804-08-22,182044
601,http://www.wikidata.org/entity/Q10310503,José Saturnino da Costa Pereira,José saturnino da costa pereira,,Colónia do Sacramento,http://www.wikidata.org/entity/Q56064,-57.844166666667,-34.471388888889,1771-11-22,
647,http://www.wikidata.org/entity/Q10310523,José Silvestre Ribeiro,,36459,Idanha-a-Nova,http://www.wikidata.org/entity/Q999446,-7.2333333333333,39.916666666667,1807-12-31,165280
827,http://www.wikidata.org/entity/Q23771087,José Teixeira de Queirós de Almeida de Morais Sarmento,,1172045,Reino de Portugal,http://www.wikidata.org/entity/Q45670,-9.18333333,38.7,1816-08-04,
775,http://www.wikidata.org/entity/Q1709686,José Vicente Barbosa du Bocage,José Vicente Barboza du Bocage,190338,Funchal,http://www.wikidata.org/entity/Q25444,-16.916666666667,32.65,1823-05-02,
685,http://www.wikidata.org/entity/Q10310647,José Vitorino Damásio,José vitorino damásio,158553,Santa Maria da Feira,http://www.wikidata.org/entity/Q564813,-8.5333333333333,40.933333333333,1807-11-02,
417,http://www.wikidata.org/entity/Q105760402,José da Cunha Castello Branco Saraiva,Castello Branco Saraiva,56623,Lisboa,http://www.wikidata.org/entity/Q597,-9.139016,38.708042,1848-04-18,
59,http://www.wikidata.org/entity/Q96257638,José da Fonseca Abreu Castelo Branco,,,Pala,http://www.wikidata.org/entity/Q919898,-7.1511111111111,40.763055555556,1829-10-11,189762
356,http://www.wikidata.org/entity/Q3808775,José da Silva Carvalho,Silva carvalho,150534,Santa Comba Dão,http://www.wikidata.org/entity/Q861208,-8.1333333333333,40.4,1782-12-19,
807,http://www.wikidata.org/entity/Q16930201,José da Silva Monteiro,,131512,Guimarães,http://www.wikidata.org/entity/Q170903,-8.2908333333333,41.445,1867-02-05,253184
319,http://www.wikidata.org/entity/Q317126,José de Anchieta,Apóstolo do Brasil,4645,San Cristóbal de La Laguna,http://www.wikidata.org/entity/Q54898,-16.316666666667,28.485277777778,1534-03-19,
753,http://www.wikidata.org/entity/Q21290138,José de Azevedo Castelo Branco,,148674,Vilarinho de Samardã,http://www.wikidata.org/entity/Q592516,-7.7033333333333,41.381666666667,1852-10-05,
680,http://www.wikidata.org/entity/Q10310762,José de Barros e Sousa,,116993,Câmara de Lobos,http://www.wikidata.org/entity/Q623736,-16.966666666667,32.65,1859-03-01,238951
654,http://www.wikidata.org/entity/Q10310806,José de Matos Sobral Cid,Sobral Cid,68981,Lamego,http://www.wikidata.org/entity/Q117591,-7.8666666666667,41.083333333333,1877-06-29,192904
639,http://www.wikidata.org/entity/Q10310841,José de Seabra da Silva,José de seabra da silva,116395,Coimbra,http://www.wikidata.org/entity/Q45412,-8.4288888888889,40.211111111111,1732-10-31,
657,http://www.wikidata.org/entity/Q10310867,José do Canto,,26055,Ponta Delgada,http://www.wikidata.org/entity/Q208149,-25.67,37.74,1820-12-20,132361
678,http://www.wikidata.org/entity/Q10310871,José do Patrocínio Dias,,60483,Covilhã,http://www.wikidata.org/entity/Q849026,-7.5,40.28333333,1884-07-23,161685
622,http://www.wikidata.org/entity/Q10310880,José dos Reis Fisher,José dos Reis Ficher,,Angra do Heroísmo,http://www.wikidata.org/entity/Q193677,-27.215277777778,38.655833333333,1856-07-23,138543
673,http://www.wikidata.org/entity/Q10310880,José dos Reis Fisher,Reis Fisher,,Angra do Heroísmo,http://www.wikidata.org/entity/Q193677,-27.215277777778,38.655833333333,1856-07-23,
615,http://www.wikidata.org/entity/Q10311060,João António Mascarenhas Júdice,,787547,Lagoa,http://www.wikidata.org/entity/Q985519,-8.45,37.133333333333,1898-10-27,
662,http://www.wikidata.org/entity/Q10311191,João Bernardo da Rocha Loureiro,,92636,Gouveia,http://www.wikidata.org/entity/Q599317,-7.6,40.5,1778-11-24,
613,http://www.wikidata.org/entity/Q10311305,João Carlos de Sá Alves,,,Rebordãos,http://www.wikidata.org/entity/Q1907511,-6.8269444444444,41.74,1895-11-04,
670,http://www.wikidata.org/entity/Q10311319,João Catanho de Menezes,João Catanho de Meneses,,,,,,1854-04-17,
604,http://www.wikidata.org/entity/Q10311373,João Crisóstomo Melício,,,Rio de Janeiro,http://www.wikidata.org/entity/Q8678,-43.196388888889,-22.908333333333,1836-12-28,
603,http://www.wikidata.org/entity/Q10311389,João Cândido de Morais,João cândido de morais,,Angra do Heroísmo,http://www.wikidata.org/entity/Q193677,-27.215277777778,38.655833333333,1841-03-07,
452,http://www.wikidata.org/entity/Q1344985,João Franco,Joao franco,1360977,Portugal,http://www.wikidata.org/entity/Q45,-9.1833333333333,38.7,1855-02-14,
663,http://www.wikidata.org/entity/Q10311603,João Henrique Enes Ulrich,,,Lisboa,http://www.wikidata.org/entity/Q597,-9.139016,38.708042,1880-03-02,
122,http://www.wikidata.org/entity/Q64733523,João Henriques Moniz,,,Funchal,http://www.wikidata.org/entity/Q25444,-16.916666666667,32.65,1790-07-16,
54,http://www.wikidata.org/entity/Q87487398,João Hickling Anglin,,4189,Ponta Delgada,http://www.wikidata.org/entity/Q208149,-25.67,37.74,1894-04-17,
610,http://www.wikidata.org/entity/Q10311689,João José da Silva,,,,,,,1845-09-08,
634,http://www.wikidata.org/entity/Q10311696,João José de Freitas,,1003013,Carrazeda de Ansiães,http://www.wikidata.org/entity/Q551666,-7.3,41.25,1873-05-28,
624,http://www.wikidata.org/entity/Q10311741,João Lopes Soares,,106780,Leiria,http://www.wikidata.org/entity/Q206933,-8.8069444444444,39.743055555556,1878-11-17,
627,http://www.wikidata.org/entity/Q10311841,João Maria Pereira de Amaral e Pimentel,João Maria Pereira do Amaral,1008195,Oleiros,http://www.wikidata.org/entity/Q1012719,-7.9166666666667,39.916666666667,1815-07-21,
616,http://www.wikidata.org/entity/Q10311888,João Mendes da Costa Amaral,,,,,,,1893-01-18,
128,http://www.wikidata.org/entity/Q6655947,João Paulino de Azevedo e Castro,D. João Paulino de Azevedo e Castro,211673,Lajes do Pico,http://www.wikidata.org/entity/Q1019053,-28.25,38.4,1852-02-04,
133,http://www.wikidata.org/entity/Q6298402,João Teixeira Soares de Sousa,Dr. João Teixeira Soares,787644,Terreiros (Manadas),http://www.wikidata.org/entity/Q7703384,,,1827-09-12,
690,http://www.wikidata.org/entity/Q10312256,João Teixeira de Queiroz Vaz Guedes,,,Coimbra,http://www.wikidata.org/entity/Q45412,-8.4288888888889,40.211111111111,1871-06-24,
659,http://www.wikidata.org/entity/Q10312311,João Vicente Pimentel Maldonado,João Vicente Pimentel,170109,Lisboa,http://www.wikidata.org/entity/Q597,-9.139016,38.708042,1773-01-22,183584
640,http://www.wikidata.org/entity/Q10312369,João da Cunha Souto Maior (maçon),,,Viana do Castelo,http://www.wikidata.org/entity/Q208158,-8.8333333333333,41.7,1767-09-22,
740,http://www.wikidata.org/entity/Q1772318,João da Mota e Silva,Cardeal da mota,1655761,Portugal,http://www.wikidata.org/entity/Q45,-9.1833333333333,38.7,1685-08-14,
652,http://www.wikidata.org/entity/Q10312425,João de Andrade Corvo,Andrade Corvo,51611,Torres Novas,http://www.wikidata.org/entity/Q81139,-8.5333333333333,39.483333333333,1824-01-30,
341,http://www.wikidata.org/entity/Q3187336,João de Barros,João de barros (1881),12867,Figueira da Foz,http://www.wikidata.org/entity/Q428459,-8.86179,40.15085,1881-02-04,151823
345,http://www.wikidata.org/entity/Q3187336,João de Barros,João de barros (1881-1960),12867,Figueira da Foz,http://www.wikidata.org/entity/Q428459,-8.86179,40.15085,1881-02-04,
130,http://www.wikidata.org/entity/Q730029,João de Brito,João Heitor de Brito Pereira,64962,Lisboa,http://www.wikidata.org/entity/Q597,-9.139016,38.708042,1647-03-01,
799,http://www.wikidata.org/entity/Q1710223,João de Deus,João de Deus de Nogueira Ramos,51161,São Bartolomeu de Messines,http://www.wikidata.org/entity/Q2696039,-8.2905555555556,37.257777777778,1830-03-08,133827
800,http://www.wikidata.org/entity/Q1710223,João de Deus,João de Deus de Nogueira Ramos,51161,São Bartolomeu de Messines,http://www.wikidata.org/entity/Q2696039,-8.2905555555556,37.257777777778,1830-03-08,
190,http://www.wikidata.org/entity/Q6298461,João de Lemos,,131479,Peso da Régua,http://www.wikidata.org/entity/Q757858,-7.789014,41.163176,1819-05-06,189637
241,http://www.wikidata.org/entity/Q47035009,João de Sande Magalhães Mexia Ayres de Campos,2º Conde do Ameal,,Coimbra,http://www.wikidata.org/entity/Q45412,-8.4288888888889,40.211111111111,1877-05-11,
325,http://www.wikidata.org/entity/Q3735496,João de Santo Tomás,,794054,Lisboa,http://www.wikidata.org/entity/Q597,-9.139016,38.708042,1589-07-09,
105,http://www.wikidata.org/entity/Q6298468,"João de Sousa, Marquês das Minas","João de sousa, marquês das minas",,Viana do Castelo,http://www.wikidata.org/entity/Q208158,-8.8333333333333,41.7,1666-12-29,
664,http://www.wikidata.org/entity/Q10313176,Justino António de Freitas,,116712,Funchal,http://www.wikidata.org/entity/Q25444,-16.916666666667,32.65,1804-09-13,167725
66,http://www.wikidata.org/entity/Q9016861,Juvenal de Araújo,Juvenal Henriques de Araújo,853810,Funchal,http://www.wikidata.org/entity/Q25444,-16.916666666667,32.65,1892-11-21,147720
89,http://www.wikidata.org/entity/Q9016861,Juvenal de Araújo,Juvenal de araújo,853810,Funchal,http://www.wikidata.org/entity/Q25444,-16.916666666667,32.65,1892-11-21,
271,http://www.wikidata.org/entity/Q5396407,Júlio Augusto Henriques,,284733,Arco de Baúlhe,http://www.wikidata.org/entity/Q637606,-7.9666666666667,41.483333333333,1838-01-15,
682,http://www.wikidata.org/entity/Q10313421,Júlio Ernesto de Lima Duque,Júlio Ernesto Lima Duque,,Chancelaria,http://www.wikidata.org/entity/Q1061652,-8.5533333333333,39.553055555556,1859-08-11,
608,http://www.wikidata.org/entity/Q10313493,Júlio de Castilho,Júlio de castilho,41657,Lisboa,http://www.wikidata.org/entity/Q597,-9.139016,38.708042,1840-04-30,
8,http://www.wikidata.org/entity/Q85239377,Leonel Tavares Cabral,,190731,Coimbra,http://www.wikidata.org/entity/Q45412,-8.4288888888889,40.211111111111,1790-02-09,128838
0,http://www.wikidata.org/entity/Q94850304,Levy Maria Jordão,Levy Maria Jordão de Paiva Manso,54707,Lisboa,http://www.wikidata.org/entity/Q597,-9.139016,38.708042,1831-01-09,193376
1,http://www.wikidata.org/entity/Q94850304,Levy Maria Jordão,Levy Maria Jordão de Paiva Manso,54707,Lisboa,http://www.wikidata.org/entity/Q597,-9.139016,38.708042,1831-01-09,
828,http://www.wikidata.org/entity/Q25439209,Licínio Pinto Leite,,,Porto,http://www.wikidata.org/entity/Q36433,-8.6107777777778,41.149472222222,1844-06-10,211145
455,http://www.wikidata.org/entity/Q110910878,Lourenço António de Carvalho,,,Lisboa,http://www.wikidata.org/entity/Q597,-9.139016,38.708042,1837-02-27,157146
630,http://www.wikidata.org/entity/Q10320191,Lucas Antônio Monteiro de Barros,Lucas Antonio Monteiro de Barros,,Congonhas,http://www.wikidata.org/entity/Q275654,-43.857777777778,-20.5,1767-10-15,
157,http://www.wikidata.org/entity/Q56072432,Luciano António Pereira da Silva,,43290,Caminha,http://www.wikidata.org/entity/Q1029544,-8.8333333333333,41.833333333333,1864-11-21,228499
349,http://www.wikidata.org/entity/Q42306335,Luiz de Andrade,Luís de Andrade,,Recife,http://www.wikidata.org/entity/Q48344,-34.880833333333,-8.0538888888889,1849-11-20,
761,http://www.wikidata.org/entity/Q20045977,Luís António de Abreu e Lima,,35694,Viana do Castelo,http://www.wikidata.org/entity/Q208158,-8.8333333333333,41.7,1787-10-18,225650
579,http://www.wikidata.org/entity/Q10321293,Luís Augusto Rebelo da Silva,Luis Augusto Rebelo da Silva,83588,Lisboa,http://www.wikidata.org/entity/Q597,-9.139016,38.708042,1822-04-02,228586
567,http://www.wikidata.org/entity/Q10321293,Luís Augusto Rebelo da Silva,Rebello da Silva,83588,Lisboa,http://www.wikidata.org/entity/Q597,-9.139016,38.708042,1822-04-02,
578,http://www.wikidata.org/entity/Q10321315,Luís Bettencourt de Medeiros e Câmara,Luís Bettencourt,,Ponta Delgada,http://www.wikidata.org/entity/Q208149,-25.67,37.74,1873-02-21,130231
534,http://www.wikidata.org/entity/Q10321315,Luís Bettencourt de Medeiros e Câmara,Luís de Bettencourt de Medeiros e Câmara,,Ponta Delgada,http://www.wikidata.org/entity/Q208149,-25.67,37.74,1873-02-21,
565,http://www.wikidata.org/entity/Q10321427,Luís Ferreira de Figueiredo,Eugénia Maria Viana Ferreira de Melo Lemos e Alvelos,,Reino de Portugal,http://www.wikidata.org/entity/Q45670,-9.18333333,38.7,1847-05-05,
566,http://www.wikidata.org/entity/Q10321510,Luís José de Carvalho e Melo,,,Bahia,http://www.wikidata.org/entity/Q40430,-41.69,-12.52,1764-05-06,
522,http://www.wikidata.org/entity/Q10321541,Luís Maria Lopes da Fonseca,,,Mata de Lobos,http://www.wikidata.org/entity/Q1668791,-6.88804,40.91691,1883-03-01,156621
529,http://www.wikidata.org/entity/Q10321541,Luís Maria Lopes da Fonseca,,,Mata de Lobos,http://www.wikidata.org/entity/Q1668791,-6.8994444444444,40.905555555556,1883-03-01,
523,http://www.wikidata.org/entity/Q10321713,Luís da Silva Ribeiro,,95880,Angra do Heroísmo,http://www.wikidata.org/entity/Q193677,-27.215277777778,38.655833333333,1882-12-04,165553
514,http://www.wikidata.org/entity/Q10321742,Luís de Figueiredo de Lemos,Luís de Figueiredo Lemos,,,,,,1544-08-31,
263,http://www.wikidata.org/entity/Q436077,Luís de Molina,Luis Molina,473456,Cuenca,http://www.wikidata.org/entity/Q15098,-2.135,40.071666666667,1535-09-29,
516,http://www.wikidata.org/entity/Q10321782,Luís de Sousa e Holstein,,,Lisboa,http://www.wikidata.org/entity/Q597,-9.139016,38.708042,1868-02-08,190222
391,http://www.wikidata.org/entity/Q3286741,Manuel Alves Branco,Alves Branco,,Maragogipe,http://www.wikidata.org/entity/Q1761467,-38.918888888889,-12.777777777778,1797-06-07,
115,http://www.wikidata.org/entity/Q6752403,Manuel António Lino,Manuel antónio lino,,Angra do Heroísmo,http://www.wikidata.org/entity/Q193677,-27.215277777778,38.655833333333,1865-01-04,
590,http://www.wikidata.org/entity/Q10323948,Manuel António de Carvalho,,,Mirandela,http://www.wikidata.org/entity/Q551502,-7.1833333333333,41.483333333333,1785-05-31,157937
168,http://www.wikidata.org/entity/Q61755108,Manuel Augusto Martins,,,Santa Maria Maior,http://www.wikidata.org/entity/Q2078801,-16.89468,32.64886,1867-04-10,
109,http://www.wikidata.org/entity/Q687473,Manuel Bernardes,,13155,Lisboa,http://www.wikidata.org/entity/Q597,-9.139016,38.708042,1644-08-20,185507
110,http://www.wikidata.org/entity/Q687473,Manuel Bernardes,,1418331,Lisboa,http://www.wikidata.org/entity/Q597,-9.139016,38.708042,1644-08-20,
593,http://www.wikidata.org/entity/Q10324011,Manuel Bernardo Borges de Azevedo Enes,Manuel bernardo borges de azevedo enes,,Topo (Nossa Senhora do Rosário),http://www.wikidata.org/entity/Q2186437,-27.7675,38.549166666667,1856-03-13,
585,http://www.wikidata.org/entity/Q10324018,Manuel Borges Carneiro,Borges Carneiro,131119,Resende,http://www.wikidata.org/entity/Q863692,-7.95,41.1,1774-11-02,139641
592,http://www.wikidata.org/entity/Q10324018,Manuel Borges Carneiro,Borges carneiro,131119,Resende,http://www.wikidata.org/entity/Q863692,-7.95,41.1,1774-11-02,
458,http://www.wikidata.org/entity/Q104410206,Manuel Francisco Medeiros,,,Horta,http://www.wikidata.org/entity/Q990385,-28.633333333333,38.533333333333,1791-10-31,
573,http://www.wikidata.org/entity/Q10324152,Manuel Francisco de Medeiros,,,Horta,http://www.wikidata.org/entity/Q990385,-28.633333333333,38.533333333333,1832-04-01,
7,http://www.wikidata.org/entity/Q966168,Manuel Gonçalves Cerejeira,Cardeal cerejeira,68690,Lousado,http://www.wikidata.org/entity/Q949303,-8.53028,41.35895,1888-11-29,
528,http://www.wikidata.org/entity/Q10324181,Manuel Gonçalves de Miranda,,,Bragança,http://www.wikidata.org/entity/Q768261,-6.75,41.8,1780-11-30,
812,http://www.wikidata.org/entity/Q24013840,Manuel Jorge Forbes de Bessa,,,"Cedofeita, Santo Ildefonso, Sé, Miragaia, São Nicolau e Vitória",http://www.wikidata.org/entity/Q15905280,-8.62333333,41.15583333,1864-08-24,
503,http://www.wikidata.org/entity/Q10324268,Manuel José Barjona,,,Coimbra,http://www.wikidata.org/entity/Q45412,-8.4288888888889,40.211111111111,1760-06-16,150405
518,http://www.wikidata.org/entity/Q10324283,Manuel José Mendes Leite,José Manuel Mendes Leite,,Aveiro,http://www.wikidata.org/entity/Q485581,-8.6552777777778,40.638888888889,1809-05-18,211479
533,http://www.wikidata.org/entity/Q10324283,Manuel José Mendes Leite,Mendes Leite,,Aveiro,http://www.wikidata.org/entity/Q485581,-8.6552777777778,40.638888888889,1809-05-18,
537,http://www.wikidata.org/entity/Q10324292,Manuel José da Silva,,1747432,Fresno,http://www.wikidata.org/entity/Q43301,-119.79222222222,36.781666666667,1892-08-19,
580,http://www.wikidata.org/entity/Q10324302,Manuel José de Pinho Soares de Albergaria,,,,,,,1800-03-31,
169,http://www.wikidata.org/entity/Q7424295,Manuel Maria Sarmento Rodrigues,Sarmento Rodrigues,109968,Bragança,http://www.wikidata.org/entity/Q373528,-6.75917,41.8072,1899-06-15,
538,http://www.wikidata.org/entity/Q10324400,Manuel Nicolau de Almeida,,,Vila Franca de Xira,http://www.wikidata.org/entity/Q917326,-8.9833333333333,38.95,1761-12-25,143991
531,http://www.wikidata.org/entity/Q10324445,Manuel Pires de Azevedo Loureiro,Manuel (III) Pires de Azevedo Loureiro,,Moreira,http://www.wikidata.org/entity/Q74805,-7.9191666666667,40.5525,1777-03-15,254109
32,http://www.wikidata.org/entity/Q878532,Manuel Teixeira Gomes,,23399,Portimão,http://www.wikidata.org/entity/Q543542,-8.5333333333333,37.133333333333,1860-05-27,178992
575,http://www.wikidata.org/entity/Q10324571,Manuel da Cruz,Dom Frei Manoel da Cruz,,Ordem,http://www.wikidata.org/entity/Q1116670,-8.3013888888889,41.287222222222,1690-02-05,
571,http://www.wikidata.org/entity/Q10324597,Manuel da Silva Mendes,,92687,Aves,http://www.wikidata.org/entity/Q1751766,-8.40838,41.37012,1867-10-23,212876
757,http://www.wikidata.org/entity/Q17318274,Manuel da Terra Pereira Viana,Manuel Terra Pereira Viana,,Q22064929,http://www.wikidata.org/entity/Q22064929,-41.45533,-21.67744,1856-01-18,
530,http://www.wikidata.org/entity/Q10324612,Manuel de Andrade (jurista),Manuel Augusto Domingues de Andrade,152282,,,,,1899-11-11,
554,http://www.wikidata.org/entity/Q10324678,Manuel de Serpa Machado,Manuel de serpa machado,,Santa Comba Dão,http://www.wikidata.org/entity/Q861208,-8.1333333333333,40.4,1784-12-04,
219,http://www.wikidata.org/entity/Q4902673,Manuel do Cenáculo,Frei Manuel do Cenáculo,44036,Lisboa,http://www.wikidata.org/entity/Q597,-9.139016,38.708042,1724-03-01,
562,http://www.wikidata.org/entity/Q10325737,Maria Baptista dos Santos Guardiola,Maria Guardiola,268598,Bragança,http://www.wikidata.org/entity/Q768261,-6.75,41.8,1895-01-13,
379,http://www.wikidata.org/entity/Q3295296,Martim Francisco Ribeiro de Andrada,Martim Francisco de Andrada e Silva,201410,Santos,http://www.wikidata.org/entity/Q81882,-46.333888888889,-23.960833333333,1775-04-09,
563,http://www.wikidata.org/entity/Q10327056,Marçal de Azevedo Pacheco,,102753,Loulé,http://www.wikidata.org/entity/Q586722,-8.02345,37.14399,1847-11-08,220490
770,http://www.wikidata.org/entity/Q23771065,Miguel José de Arriaga Brum da Silveira,,,Horta,http://www.wikidata.org/entity/Q990385,-28.633333333333,38.533333333333,1776-03-22,
577,http://www.wikidata.org/entity/Q10329878,Miguel Vaz Guedes de Ataíde,Miguel vaz guedes de ataíde,,Vila Real,http://www.wikidata.org/entity/Q503856,-7.7461111111111,41.295277777778,1829-07-08,183529
815,http://www.wikidata.org/entity/Q16930267,Mário Pais de Sousa,,988447,Santa Comba Dão,http://www.wikidata.org/entity/Q861208,-8.1333333333333,40.4,1891-02-22,
521,http://www.wikidata.org/entity/Q10334567,Mário de Figueiredo,,38205,Viseu,http://www.wikidata.org/entity/Q117676,-7.9138888888889,40.6575,1890-04-19,
589,http://www.wikidata.org/entity/Q10335749,Natividade Saldanha,José da Natividade Saldanha,181658,Jaboatão dos Guararapes,http://www.wikidata.org/entity/Q271393,-35.015,-8.1127777777778,1796-09-08,
731,http://www.wikidata.org/entity/Q10292299,Nicolau Moniz de Bettencourt,,,Angra do Heroísmo,http://www.wikidata.org/entity/Q193677,-27.215277777778,38.655833333333,1836-03-04,280794
793,http://www.wikidata.org/entity/Q177745,Norton de Matos,,4228,Ponte de Lima,http://www.wikidata.org/entity/Q490180,-8.5833333333333,41.766666666667,1867-03-23,
438,http://www.wikidata.org/entity/Q10338177,Nuno Eugénio Lóssio e Seiblitz,Nuno Eugénio de Lossio,,Recife,http://www.wikidata.org/entity/Q48344,-34.880833333333,-8.0538888888889,1782-10-01,
323,http://www.wikidata.org/entity/Q3346439,Nuno da Cunha e Ataíde,Nuno da cunha e ataíde,1311712,Lisboa,http://www.wikidata.org/entity/Q597,-9.139016,38.708042,1664-12-08,148662
324,http://www.wikidata.org/entity/Q3346439,Nuno da Cunha e Ataíde,Nuno da cunha e ataíde,1311712,Lisboa,http://www.wikidata.org/entity/Q597,-9.139016,38.708042,1664-12-08,
475,http://www.wikidata.org/entity/Q1515561,Pedro António Correia Garção,,30165,Lisboa,http://www.wikidata.org/entity/Q597,-9.139016,38.708042,1724-04-29,177304
476,http://www.wikidata.org/entity/Q1515561,Pedro António Correia Garção,,30165,Lisboa,http://www.wikidata.org/entity/Q597,-9.139016,38.708042,1724-04-29,
423,http://www.wikidata.org/entity/Q10347323,Pedro Augusto Ferreira,Pedro augusto ferreira,35756,Lamego,http://www.wikidata.org/entity/Q117591,-7.8666666666667,41.083333333333,1833-11-14,
477,http://www.wikidata.org/entity/Q15631832,Pedro José Constâncio,,,Lisboa,http://www.wikidata.org/entity/Q597,-9.139016,38.708042,1781-11-03,195967
108,http://www.wikidata.org/entity/Q660778,Pedro Paulo de Figueiredo da Cunha e Melo,,90910,Portugal,http://www.wikidata.org/entity/Q45,-9.1833333333333,38.7,1770-06-18,
187,http://www.wikidata.org/entity/Q55863605,Pedro Vítor da Costa Sequeira,,,Lisboa,http://www.wikidata.org/entity/Q597,-9.139016,38.708042,1845-04-06,223437
779,http://www.wikidata.org/entity/Q1797348,Pedro de Araújo Lima,Marquês de Olinda,,Sirinhaém,http://www.wikidata.org/entity/Q929655,-35.115833333333,-8.5908333333333,1793-12-22,
29,http://www.wikidata.org/entity/Q982358,"Pedro de Sousa Holstein, Duque de Palmela",Pedro de Sousa Holstein,88741,Turim,http://www.wikidata.org/entity/Q495,7.7,45.066666666667,1781-05-08,
439,http://www.wikidata.org/entity/Q15486217,Q15486217,,99729,,,,,1780-05-10,
786,http://www.wikidata.org/entity/Q1771793,Q1771793,,,Waterford,http://www.wikidata.org/entity/Q183551,-7.119,52.2583,1588-10-16,
780,http://www.wikidata.org/entity/Q20980122,Q20980122,,,Lisboa,http://www.wikidata.org/entity/Q597,-9.139016,38.708042,1587-09-26,
214,http://www.wikidata.org/entity/Q4777580,Q4777580,,,,,,,1859-09-21,
143,http://www.wikidata.org/entity/Q6844431,Q6844431,,,,,,,1831-08-22,
124,http://www.wikidata.org/entity/Q7442698,Q7442698,,,Seia,http://www.wikidata.org/entity/Q2452531,-7.7033333333333,40.420277777778,1842-12-17,
478,http://www.wikidata.org/entity/Q10357034,Rafael Duque,Rafael da Silva Neves Duque,92754,Torres Novas,http://www.wikidata.org/entity/Q81139,-8.5333333333333,39.483333333333,1893-02-03,
772,http://www.wikidata.org/entity/Q1762312,Raul Leal,,46028,Lisboa,http://www.wikidata.org/entity/Q597,-9.139016,38.708042,1886-09-01,
316,http://www.wikidata.org/entity/Q3057590,Raul Mesnier,Mesnier de Ponsard,214133,Porto,http://www.wikidata.org/entity/Q36433,-8.6107777777778,41.149472222222,1849-04-02,
467,http://www.wikidata.org/entity/Q10363961,Rodrigo da Fonseca Magalhães,Rodrigo da Fonseca,131624,Condeixa-a-Nova,http://www.wikidata.org/entity/Q138830,-8.5,40.116666666667,1787-07-24,
299,http://www.wikidata.org/entity/Q5102445,Rodrigo de Sousa Coutinho,D. Rodrigo de Souza Coutinho,130524,Chaves,http://www.wikidata.org/entity/Q504580,-7.4706805555556,41.739869444444,1755-08-04,206494
200,http://www.wikidata.org/entity/Q5102445,Rodrigo de Sousa Coutinho,D. rodrigo de sousa coutinho,130524,Chaves,http://www.wikidata.org/entity/Q504580,-7.4706805555556,41.739869444444,1755-08-04,
834,http://www.wikidata.org/entity/Q17318358,Roque Ribeiro de Abranches Castelo Branco,,,,,,,1770-07-15,
495,http://www.wikidata.org/entity/Q10367297,Samora Barros,,263389,Albufeira,http://www.wikidata.org/entity/Q373813,-8.24583,37.0897,1887-04-03,151868
454,http://www.wikidata.org/entity/Q10369079,Sebastião Carlos da Costa Brandão e Albuquerque,,539490,,,,,1833-10-07,
372,http://www.wikidata.org/entity/Q28073498,Sebastião Drago Valente de Brito Cabreira,,214840,Faro,http://www.wikidata.org/entity/Q159457,-7.935,37.016111111111,1763-01-06,
396,http://www.wikidata.org/entity/Q319511,"Sebastião José de Carvalho e Melo, marquês de Pombal",Marquês de Pombal,71369,Lisboa,http://www.wikidata.org/entity/Q597,-9.139016,38.708042,1699-05-13,
343,http://www.wikidata.org/entity/Q356691,Sidónio Pais,Sidónio Bernardino Cardoso da Silva Pais,23095,Caminha,http://www.wikidata.org/entity/Q1029544,-8.8333333333333,41.833333333333,1872-05-01,221394
331,http://www.wikidata.org/entity/Q356691,Sidónio Pais,Sidónio Paes,23095,Caminha,http://www.wikidata.org/entity/Q1029544,-8.8333333333333,41.833333333333,1872-05-01,
809,http://www.wikidata.org/entity/Q2296345,Soares de Passos,António Augusto Soares de Passos,59690,Porto,http://www.wikidata.org/entity/Q36433,-8.6107777777778,41.149472222222,1826-11-27,223073
742,http://www.wikidata.org/entity/Q2296345,Soares de Passos,Soares Passos,59690,Porto,http://www.wikidata.org/entity/Q36433,-8.6107777777778,41.149472222222,1826-11-27,
236,http://www.wikidata.org/entity/Q456789,Sousa Caldas,Antonio pereira de souza caldas,19533,Rio de Janeiro,http://www.wikidata.org/entity/Q8678,-43.196388888889,-22.908333333333,1762-11-24,129088
237,http://www.wikidata.org/entity/Q456789,Sousa Caldas,Antonio pereira de souza caldas,19533,Rio de Janeiro,http://www.wikidata.org/entity/Q8678,-43.196388888889,-22.908333333333,1762-11-24,
798,http://www.wikidata.org/entity/Q186872,Sá de Miranda,Francisco de Sá de Miranda,97300,Coimbra,http://www.wikidata.org/entity/Q45412,-8.4288888888889,40.211111111111,1491-09-06,
402,http://www.wikidata.org/entity/Q10379131,Teixeira de Queirós,Bento Moreno,46863,Arcos de Valdevez,http://www.wikidata.org/entity/Q490302,-8.4166666666667,41.85,1848-05-03,
415,http://www.wikidata.org/entity/Q10380409,Teotónio Simão Paim de Ornelas Bruges,Teotónio Paim de Ornelas Bruges,1280703,Angra do Heroísmo,http://www.wikidata.org/entity/Q193677,-27.215277777778,38.655833333333,1841-09-22,
408,http://www.wikidata.org/entity/Q1334602,Tomás António Gonzaga,Thomaz Antonio Gonzaga,21172,Miragaia,http://www.wikidata.org/entity/Q1937972,-8.62066,41.14544,1744-08-11,
469,http://www.wikidata.org/entity/Q10383090,Tomás Cabreira,Tomás António da Guarda Cabreiro,111962,Tavira,http://www.wikidata.org/entity/Q372840,-7.6506,37.13085,1865-01-23,
832,http://www.wikidata.org/entity/Q1721732,Tomás Ribeiro,,82163,Parada de Gonta,http://www.wikidata.org/entity/Q154149,-7.9972222222222,40.581666666667,1831-07-01,
198,http://www.wikidata.org/entity/Q64736124,Tomás da Encarnação da Costa e Lima,,,Salvador,http://www.wikidata.org/entity/Q36947,-38.492777777778,-12.983055555556,1723-06-25,
766,http://www.wikidata.org/entity/Q2518410,Tomás de Almeida,"Tomás de Almeida, 1º cardeal patriarca de Lisboa",1639238,Lisboa,http://www.wikidata.org/entity/Q597,-9.139016,38.708042,1670-10-05,144219
499,http://www.wikidata.org/entity/Q10383143,Tomás de Sousa e Holstein Beck,,,Lisboa,http://www.wikidata.org/entity/Q597,-9.139016,38.708042,1839-12-31,
268,http://www.wikidata.org/entity/Q467993,Toríbio de Mongrovejo,,,Mayorga,http://www.wikidata.org/entity/Q1915094,-5.2626995,42.1666301,1538-11-26,
483,http://www.wikidata.org/entity/Q1392611,Venceslau de Lima,Venceslau de Sousa Pereira de Lima,353394,Porto,http://www.wikidata.org/entity/Q36433,-8.6107777777778,41.149472222222,1858-11-15,
487,http://www.wikidata.org/entity/Q10390244,Vicente Ferrer Neto de Paiva,Vicente Ferrer Neto Paiva,54703,Lousã,http://www.wikidata.org/entity/Q1006413,-8.2468888888889,40.112527777778,1798-06-27,
112,http://www.wikidata.org/entity/Q719020,Victor Hugo de Azevedo Coutinho,Vitor Hugo de Azevedo Coutinho,88392,Macau,http://www.wikidata.org/entity/Q14773,113.55,22.166666666667,1871-11-12,
416,http://www.wikidata.org/entity/Q16489277,Álvaro Augusto Pegado de Sousa Pinto Barroso,,,,,,,1862-04-09,
814,http://www.wikidata.org/entity/Q17272838,Álvaro Rodrigues Azevedo,Alvaro Rodrigues d’Azevedo,54152,Vila Franca de Xira,http://www.wikidata.org/entity/Q917326,-8.9833333333333,38.95,1825-03-20,148851
806,http://www.wikidata.org/entity/Q17272838,Álvaro Rodrigues Azevedo,José Rodrigues d' Azevedo,54152,Vila Franca de Xira,http://www.wikidata.org/entity/Q917326,-8.9833333333333,38.95,1825-03-20,
293,http://www.wikidata.org/entity/Q51882966,Álvaro da Silva Sampaio,,108527,Angra do Heroísmo,http://www.wikidata.org/entity/Q193677,-27.215277777778,38.655833333333,1891-01-24,
